date,game,player,stat,line,direction,odds,book,is_best
2025-12-04,Boston Celtics @ Washington Wizards,Justin Champagnie,PTS,8.5,Over,-106,DraftKings,True
2025-12-04,Boston Celtics @ Washington Wizards,Justin Champagnie,PTS,8.5,Under,-118,BetMGM,True
2025-12-04,Boston Celtics @ Washington Wizards,Payton Pritchard,PTS,22.5,Over,105,BetMGM,True
2025-12-04,Boston Celtics @ Washington Wizards,Payton Pritchard,PTS,22.5,Under,-112,BetRivers,True
2025-12-04,Boston Celtics @ Washington Wizards,Marvin Bagley III,PTS,12.5,Over,-114,FanDuel,True
2025-12-04,Boston Celtics @ Washington Wizards,Marvin Bagley III,PTS,12.5,Under,-107,DraftKings,True
2025-12-04,Boston Celtics @ Washington Wizards,Cam Whitmore,PTS,10.5,Over,-117,BetRivers,True
2025-12-04,Boston Celtics @ Washington Wizards,Cam Whitmore,PTS,10.5,Under,-101,DraftKings,True
2025-12-04,Boston Celtics @ Washington Wizards,Carlton Carrington,PTS,7.5,Over,-124,DraftKings,True
2025-12-04,Boston Celtics @ Washington Wizards,Carlton Carrington,PTS,7.5,Under,100,FanDuel,True
2025-12-04,Boston Celtics @ Washington Wizards,Josh Minott,PTS,8.5,Over,-106,FanDuel,True
2025-12-04,Boston Celtics @ Washington Wizards,Josh Minott,PTS,8.5,Under,-125,FanDuel,True
2025-12-04,Boston Celtics @ Washington Wizards,Kyshawn George,PTS,14.5,Over,-111,DraftKings,True
2025-12-04,Boston Celtics @ Washington Wizards,Kyshawn George,PTS,14.5,Under,-110,BetRivers,True
2025-12-04,Boston Celtics @ Washington Wizards,Sam Hauser,PTS,10.5,Over,-115,BetMGM,True
2025-12-04,Boston Celtics @ Washington Wizards,Sam Hauser,PTS,10.5,Under,102,FanDuel,True
2025-12-04,Boston Celtics @ Washington Wizards,Neemias Queta,PTS,12.5,Over,-105,BetMGM,True
2025-12-04,Boston Celtics @ Washington Wizards,Neemias Queta,PTS,12.5,Under,-101,DraftKings,True
2025-12-04,Boston Celtics @ Washington Wizards,Anfernee Simons,PTS,16.5,Over,-116,DraftKings,True
2025-12-04,Boston Celtics @ Washington Wizards,Anfernee Simons,PTS,16.5,Under,-110,DraftKings,True
2025-12-04,Boston Celtics @ Washington Wizards,Khris Middleton,PTS,11.5,Over,-103,DraftKings,True
2025-12-04,Boston Celtics @ Washington Wizards,Khris Middleton,PTS,11.5,Under,-122,BetRivers,True
2025-12-04,Boston Celtics @ Washington Wizards,Derrick White,PTS,21.5,Over,105,BetMGM,True
2025-12-04,Boston Celtics @ Washington Wizards,Derrick White,PTS,21.5,Under,-117,DraftKings,True
2025-12-04,Boston Celtics @ Washington Wizards,C.J. McCollum,PTS,19.5,Over,-105,BetMGM,True
2025-12-04,Boston Celtics @ Washington Wizards,C.J. McCollum,PTS,19.5,Under,-116,DraftKings,True
2025-12-04,Boston Celtics @ Washington Wizards,Jordan Walsh,PTS,7.5,Over,-115,BetMGM,True
2025-12-04,Boston Celtics @ Washington Wizards,Jordan Walsh,PTS,7.5,Under,100,FanDuel,True
2025-12-04,Boston Celtics @ Washington Wizards,Jordan Walsh,PTS,8.5,Over,114,BetRivers,True
2025-12-04,Boston Celtics @ Washington Wizards,Jordan Walsh,PTS,8.5,Under,-122,DraftKings,True
2025-12-04,Boston Celtics @ Washington Wizards,Josh Minott,PTS,7.5,Over,-127,DraftKings,True
2025-12-04,Boston Celtics @ Washington Wizards,Josh Minott,PTS,7.5,Under,100,DraftKings,True
2025-12-04,Boston Celtics @ Washington Wizards,Sam Hauser,PTS,11.5,Over,112,BetRivers,True
2025-12-04,Boston Celtics @ Washington Wizards,Sam Hauser,PTS,11.5,Under,-155,BetRivers,True
2025-12-04,Boston Celtics @ Washington Wizards,Payton Pritchard,PTS,21.5,Over,-152,BetRivers,True
2025-12-04,Boston Celtics @ Washington Wizards,Payton Pritchard,PTS,21.5,Under,112,BetRivers,True
2025-12-04,Boston Celtics @ Washington Wizards,Kyshawn George,PTS,15.5,Over,108,BetRivers,True
2025-12-04,Boston Celtics @ Washington Wizards,Kyshawn George,PTS,15.5,Under,-125,BetMGM,True
2025-12-04,Boston Celtics @ Washington Wizards,Cam Whitmore,PTS,11.5,Over,117,BetRivers,True
2025-12-04,Boston Celtics @ Washington Wizards,Cam Whitmore,PTS,11.5,Under,-162,BetRivers,True
2025-12-04,Boston Celtics @ Washington Wizards,Khris Middleton,PTS,10.5,Over,-152,BetRivers,True
2025-12-04,Boston Celtics @ Washington Wizards,Khris Middleton,PTS,10.5,Under,112,BetRivers,True
2025-12-04,Boston Celtics @ Washington Wizards,C.J. McCollum,PTS,18.5,Over,-136,BetRivers,True
2025-12-04,Boston Celtics @ Washington Wizards,C.J. McCollum,PTS,18.5,Under,102,BetRivers,True
2025-12-04,Boston Celtics @ Washington Wizards,Kyshawn George,PTS,13.5,Over,-162,BetRivers,True
2025-12-04,Boston Celtics @ Washington Wizards,Kyshawn George,PTS,13.5,Under,117,BetRivers,True
2025-12-04,Boston Celtics @ Washington Wizards,Neemias Queta,PTS,13.5,Over,116,BetRivers,True
2025-12-04,Boston Celtics @ Washington Wizards,Neemias Queta,PTS,13.5,Under,-159,BetRivers,True
2025-12-04,Boston Celtics @ Washington Wizards,Anfernee Simons,PTS,15.5,Over,-159,BetRivers,True
2025-12-04,Boston Celtics @ Washington Wizards,Anfernee Simons,PTS,15.5,Under,115,BetRivers,True
2025-12-04,Boston Celtics @ Washington Wizards,Payton Pritchard,PTS,23.5,Over,104,BetRivers,True
2025-12-04,Boston Celtics @ Washington Wizards,Payton Pritchard,PTS,23.5,Under,-139,BetRivers,True
2025-12-04,Boston Celtics @ Washington Wizards,Derrick White,PTS,22.5,Over,110,BetRivers,True
2025-12-04,Boston Celtics @ Washington Wizards,Derrick White,PTS,22.5,Under,-150,BetRivers,True
2025-12-04,Boston Celtics @ Washington Wizards,Sam Hauser,PTS,9.5,Over,-165,BetRivers,True
2025-12-04,Boston Celtics @ Washington Wizards,Sam Hauser,PTS,9.5,Under,120,BetRivers,True
2025-12-04,Boston Celtics @ Washington Wizards,C.J. McCollum,PTS,20.5,Over,116,BetRivers,True
2025-12-04,Boston Celtics @ Washington Wizards,C.J. McCollum,PTS,20.5,Under,-159,BetRivers,True
2025-12-04,Boston Celtics @ Washington Wizards,Anfernee Simons,PTS,17.5,Over,107,BetRivers,True
2025-12-04,Boston Celtics @ Washington Wizards,Anfernee Simons,PTS,17.5,Under,-143,BetRivers,True
2025-12-04,Boston Celtics @ Washington Wizards,Derrick White,PTS,20.5,Over,-143,BetRivers,True
2025-12-04,Boston Celtics @ Washington Wizards,Derrick White,PTS,20.5,Under,108,BetRivers,True
2025-12-04,Boston Celtics @ Washington Wizards,Cam Whitmore,PTS,9.5,Over,-167,BetRivers,True
2025-12-04,Boston Celtics @ Washington Wizards,Cam Whitmore,PTS,9.5,Under,120,BetRivers,True
2025-12-04,Boston Celtics @ Washington Wizards,Carlton Carrington,PTS,8.5,Over,100,BetMGM,True
2025-12-04,Boston Celtics @ Washington Wizards,Carlton Carrington,PTS,8.5,Under,-135,BetMGM,True
2025-12-04,Boston Celtics @ Washington Wizards,Marvin Bagley III,PTS,13.5,Over,105,BetMGM,True
2025-12-04,Boston Celtics @ Washington Wizards,Marvin Bagley III,PTS,13.5,Under,-140,BetMGM,True
2025-12-04,Boston Celtics @ Washington Wizards,Jordan Walsh,REB,5.5,Over,-125,BetMGM,True
2025-12-04,Boston Celtics @ Washington Wizards,Jordan Walsh,REB,5.5,Under,112,FanDuel,True
2025-12-04,Boston Celtics @ Washington Wizards,Cam Whitmore,REB,3.5,Over,128,BetRivers,True
2025-12-04,Boston Celtics @ Washington Wizards,Cam Whitmore,REB,3.5,Under,-125,BetMGM,True
2025-12-04,Boston Celtics @ Washington Wizards,Khris Middleton,REB,3.5,Over,-148,DraftKings,True
2025-12-04,Boston Celtics @ Washington Wizards,Khris Middleton,REB,3.5,Under,120,BetRivers,True
2025-12-04,Boston Celtics @ Washington Wizards,C.J. McCollum,REB,3.5,Over,117,DraftKings,True
2025-12-04,Boston Celtics @ Washington Wizards,C.J. McCollum,REB,3.5,Under,-129,BetRivers,True
2025-12-04,Boston Celtics @ Washington Wizards,Carlton Carrington,REB,3.5,Over,116,FanDuel,True
2025-12-04,Boston Celtics @ Washington Wizards,Carlton Carrington,REB,3.5,Under,-140,BetMGM,True
2025-12-04,Boston Celtics @ Washington Wizards,Josh Minott,REB,5.5,Over,118,FanDuel,True
2025-12-04,Boston Celtics @ Washington Wizards,Josh Minott,REB,5.5,Under,-158,FanDuel,True
2025-12-04,Boston Celtics @ Washington Wizards,Neemias Queta,REB,9.5,Over,104,BetRivers,True
2025-12-04,Boston Celtics @ Washington Wizards,Neemias Queta,REB,9.5,Under,-130,FanDuel,True
2025-12-04,Boston Celtics @ Washington Wizards,Derrick White,REB,4.5,Over,101,DraftKings,True
2025-12-04,Boston Celtics @ Washington Wizards,Derrick White,REB,4.5,Under,-118,BetRivers,True
2025-12-04,Boston Celtics @ Washington Wizards,Justin Champagnie,REB,6.5,Over,-120,DraftKings,True
2025-12-04,Boston Celtics @ Washington Wizards,Justin Champagnie,REB,6.5,Under,-105,BetMGM,True
2025-12-04,Boston Celtics @ Washington Wizards,Marvin Bagley III,REB,7.5,Over,-120,BetMGM,True
2025-12-04,Boston Celtics @ Washington Wizards,Marvin Bagley III,REB,7.5,Under,-104,FanDuel,True
2025-12-04,Boston Celtics @ Washington Wizards,Payton Pritchard,REB,4.5,Over,-135,DraftKings,True
2025-12-04,Boston Celtics @ Washington Wizards,Payton Pritchard,REB,4.5,Under,105,BetMGM,True
2025-12-04,Boston Celtics @ Washington Wizards,Sam Hauser,REB,4.5,Over,132,FanDuel,True
2025-12-04,Boston Celtics @ Washington Wizards,Sam Hauser,REB,4.5,Under,-178,FanDuel,True
2025-12-04,Boston Celtics @ Washington Wizards,Kyshawn George,REB,5.5,Over,-129,DraftKings,True
2025-12-04,Boston Celtics @ Washington Wizards,Kyshawn George,REB,5.5,Under,110,BetRivers,True
2025-12-04,Boston Celtics @ Washington Wizards,Josh Minott,REB,4.5,Over,-152,DraftKings,True
2025-12-04,Boston Celtics @ Washington Wizards,Josh Minott,REB,4.5,Under,115,DraftKings,True
2025-12-04,Boston Celtics @ Washington Wizards,Sam Hauser,REB,3.5,Over,-150,BetMGM,True
2025-12-04,Boston Celtics @ Washington Wizards,Sam Hauser,REB,3.5,Under,121,DraftKings,True
2025-12-04,Boston Celtics @ Washington Wizards,Payton Pritchard,REB,5.5,Over,125,BetRivers,True
2025-12-04,Boston Celtics @ Washington Wizards,Payton Pritchard,REB,5.5,Under,-167,BetRivers,True
2025-12-04,Boston Celtics @ Washington Wizards,Anfernee Simons,REB,2.5,Over,-125,BetMGM,True
2025-12-04,Boston Celtics @ Washington Wizards,Anfernee Simons,REB,2.5,Under,-105,BetMGM,True
2025-12-04,Boston Celtics @ Washington Wizards,Derrick White,AST,5.5,Over,-154,FanDuel,True
2025-12-04,Boston Celtics @ Washington Wizards,Derrick White,AST,5.5,Under,118,BetRivers,True
2025-12-04,Boston Celtics @ Washington Wizards,Kyshawn George,AST,4.5,Over,-120,FanDuel,True
2025-12-04,Boston Celtics @ Washington Wizards,Kyshawn George,AST,4.5,Under,110,BetRivers,True
2025-12-04,Boston Celtics @ Washington Wizards,Carlton Carrington,AST,3.5,Over,-150,BetMGM,True
2025-12-04,Boston Celtics @ Washington Wizards,Carlton Carrington,AST,3.5,Under,128,FanDuel,True
2025-12-04,Boston Celtics @ Washington Wizards,C.J. McCollum,AST,3.5,Over,-129,BetRivers,True
2025-12-04,Boston Celtics @ Washington Wizards,C.J. McCollum,AST,3.5,Under,105,BetMGM,True
2025-12-04,Boston Celtics @ Washington Wizards,Khris Middleton,AST,3.5,Over,-128,FanDuel,True
2025-12-04,Boston Celtics @ Washington Wizards,Khris Middleton,AST,3.5,Under,105,BetMGM,True
2025-12-04,Boston Celtics @ Washington Wizards,Anfernee Simons,AST,3.5,Over,-104,FanDuel,True
2025-12-04,Boston Celtics @ Washington Wizards,Anfernee Simons,AST,3.5,Under,-112,DraftKings,True
2025-12-04,Boston Celtics @ Washington Wizards,Payton Pritchard,AST,5.5,Over,-135,BetMGM,True
2025-12-04,Boston Celtics @ Washington Wizards,Payton Pritchard,AST,5.5,Under,120,BetRivers,True
2025-12-04,Boston Celtics @ Washington Wizards,Derrick White,AST,6.5,Over,125,BetMGM,True
2025-12-04,Boston Celtics @ Washington Wizards,Derrick White,AST,6.5,Under,-152,DraftKings,True
2025-12-04,Boston Celtics @ Washington Wizards,Sam Hauser,AST,1.5,Over,-183,DraftKings,True
2025-12-04,Boston Celtics @ Washington Wizards,Sam Hauser,AST,1.5,Under,150,BetMGM,True
2025-12-04,Boston Celtics @ Washington Wizards,Neemias Queta,AST,1.5,Over,-165,BetMGM,True
2025-12-04,Boston Celtics @ Washington Wizards,Neemias Queta,AST,1.5,Under,127,DraftKings,True
2025-12-04,Boston Celtics @ Washington Wizards,Jordan Walsh,AST,1.5,Over,-105,BetMGM,True
2025-12-04,Boston Celtics @ Washington Wizards,Jordan Walsh,AST,1.5,Under,-124,DraftKings,True
2025-12-04,Boston Celtics @ Washington Wizards,Marvin Bagley III,AST,1.5,Over,-110,BetMGM,True
2025-12-04,Boston Celtics @ Washington Wizards,Marvin Bagley III,AST,1.5,Under,-120,BetMGM,True
2025-12-04,Boston Celtics @ Washington Wizards,Justin Champagnie,AST,1.5,Over,145,BetMGM,True
2025-12-04,Boston Celtics @ Washington Wizards,Justin Champagnie,AST,1.5,Under,-200,BetMGM,True
2025-12-04,Boston Celtics @ Washington Wizards,Cam Whitmore,AST,0.5,Over,-175,BetMGM,True
2025-12-04,Boston Celtics @ Washington Wizards,Cam Whitmore,AST,0.5,Under,130,BetMGM,True
2025-12-04,Boston Celtics @ Washington Wizards,Anfernee Simons,3PM,2.5,Over,-130,FanDuel,True
2025-12-04,Boston Celtics @ Washington Wizards,Anfernee Simons,3PM,2.5,Under,114,BetRivers,True
2025-12-04,Boston Celtics @ Washington Wizards,Sam Hauser,3PM,2.5,Over,-118,DraftKings,True
2025-12-04,Boston Celtics @ Washington Wizards,Sam Hauser,3PM,2.5,Under,-106,FanDuel,True
2025-12-04,Boston Celtics @ Washington Wizards,C.J. McCollum,3PM,2.5,Over,-130,BetMGM,True
2025-12-04,Boston Celtics @ Washington Wizards,C.J. McCollum,3PM,2.5,Under,112,FanDuel,True
2025-12-04,Boston Celtics @ Washington Wizards,Derrick White,3PM,3.5,Over,122,DraftKings,True
2025-12-04,Boston Celtics @ Washington Wizards,Derrick White,3PM,3.5,Under,-145,BetMGM,True
2025-12-04,Boston Celtics @ Washington Wizards,Cam Whitmore,3PM,1.5,Over,165,BetRivers,True
2025-12-04,Boston Celtics @ Washington Wizards,Cam Whitmore,3PM,1.5,Under,-200,FanDuel,True
2025-12-04,Boston Celtics @ Washington Wizards,Carlton Carrington,3PM,1.5,Over,108,FanDuel,True
2025-12-04,Boston Celtics @ Washington Wizards,Carlton Carrington,3PM,1.5,Under,-135,BetMGM,True
2025-12-04,Boston Celtics @ Washington Wizards,Kyshawn George,3PM,2.5,Over,135,BetRivers,True
2025-12-04,Boston Celtics @ Washington Wizards,Kyshawn George,3PM,2.5,Under,-174,FanDuel,True
2025-12-04,Boston Celtics @ Washington Wizards,Payton Pritchard,3PM,3.5,Over,-113,DraftKings,True
2025-12-04,Boston Celtics @ Washington Wizards,Payton Pritchard,3PM,3.5,Under,100,BetRivers,True
2025-12-04,Boston Celtics @ Washington Wizards,Khris Middleton,3PM,0.5,Over,-207,DraftKings,True
2025-12-04,Boston Celtics @ Washington Wizards,Khris Middleton,3PM,0.5,Under,165,BetMGM,True
2025-12-04,Boston Celtics @ Washington Wizards,Justin Champagnie,3PM,0.5,Over,-200,BetMGM,True
2025-12-04,Boston Celtics @ Washington Wizards,Justin Champagnie,3PM,0.5,Under,152,DraftKings,True
2025-12-04,Boston Celtics @ Washington Wizards,Jordan Walsh,3PM,0.5,Over,-150,BetMGM,True
2025-12-04,Boston Celtics @ Washington Wizards,Jordan Walsh,3PM,0.5,Under,133,DraftKings,True
2025-12-04,Boston Celtics @ Washington Wizards,Kyshawn George,3PM,1.5,Over,-190,BetMGM,True
2025-12-04,Boston Celtics @ Washington Wizards,Kyshawn George,3PM,1.5,Under,140,BetMGM,True
2025-12-04,Boston Celtics @ Washington Wizards,Marvin Bagley III,3PM,0.5,Over,270,BetMGM,True
2025-12-04,Boston Celtics @ Washington Wizards,Marvin Bagley III,3PM,0.5,Under,-400,BetMGM,True
2025-12-04,Golden State Warriors @ Philadelphia 76ers,Will Richard,PTS,7.5,Over,-110,BetMGM,True
2025-12-04,Golden State Warriors @ Philadelphia 76ers,Will Richard,PTS,7.5,Under,-106,FanDuel,True
2025-12-04,Golden State Warriors @ Philadelphia 76ers,Joel Embiid,PTS,18.5,Over,102,FanDuel,True
2025-12-04,Golden State Warriors @ Philadelphia 76ers,Joel Embiid,PTS,18.5,Under,-119,DraftKings,True
2025-12-04,Golden State Warriors @ Philadelphia 76ers,Jared McCain,PTS,12.5,Over,-104,FanDuel,True
2025-12-04,Golden State Warriors @ Philadelphia 76ers,Jared McCain,PTS,12.5,Under,-115,BetMGM,True
2025-12-04,Golden State Warriors @ Philadelphia 76ers,Jonathan Kuminga,PTS,12.5,Over,-118,DraftKings,True
2025-12-04,Golden State Warriors @ Philadelphia 76ers,Jonathan Kuminga,PTS,12.5,Under,100,FanDuel,True
2025-12-04,Golden State Warriors @ Philadelphia 76ers,Buddy Hield,PTS,8.5,Over,-115,DraftKings,True
2025-12-04,Golden State Warriors @ Philadelphia 76ers,Buddy Hield,PTS,8.5,Under,-105,BetMGM,True
2025-12-04,Golden State Warriors @ Philadelphia 76ers,Quentin Grimes,PTS,15.5,Over,-112,BetRivers,True
2025-12-04,Golden State Warriors @ Philadelphia 76ers,Quentin Grimes,PTS,15.5,Under,-104,DraftKings,True
2025-12-04,Golden State Warriors @ Philadelphia 76ers,Tyrese Maxey,PTS,29.5,Over,-104,FanDuel,True
2025-12-04,Golden State Warriors @ Philadelphia 76ers,Tyrese Maxey,PTS,29.5,Under,-115,DraftKings,True
2025-12-04,Golden State Warriors @ Philadelphia 76ers,Draymond Green,PTS,10.5,Over,-103,DraftKings,True
2025-12-04,Golden State Warriors @ Philadelphia 76ers,Draymond Green,PTS,10.5,Under,-118,BetMGM,True
2025-12-04,Golden State Warriors @ Philadelphia 76ers,Brandin Podziemski,PTS,15.5,Over,-104,DraftKings,True
2025-12-04,Golden State Warriors @ Philadelphia 76ers,Brandin Podziemski,PTS,15.5,Under,100,BetRivers,True
2025-12-04,Golden State Warriors @ Philadelphia 76ers,Moses Moody,PTS,11.5,Over,-122,FanDuel,True
2025-12-04,Golden State Warriors @ Philadelphia 76ers,Moses Moody,PTS,11.5,Under,-104,DraftKings,True
2025-12-04,Golden State Warriors @ Philadelphia 76ers,VJ Edgecombe,PTS,11.5,Over,-106,DraftKings,True
2025-12-04,Golden State Warriors @ Philadelphia 76ers,VJ Edgecombe,PTS,11.5,Under,-114,FanDuel,True
2025-12-04,Golden State Warriors @ Philadelphia 76ers,Jimmy Butler,PTS,21.5,Over,-114,DraftKings,True
2025-12-04,Golden State Warriors @ Philadelphia 76ers,Jimmy Butler,PTS,21.5,Under,-104,BetRivers,True
2025-12-04,Golden State Warriors @ Philadelphia 76ers,Justin Edwards,PTS,8.5,Over,-110,BetMGM,True
2025-12-04,Golden State Warriors @ Philadelphia 76ers,Justin Edwards,PTS,8.5,Under,-113,DraftKings,True
2025-12-04,Golden State Warriors @ Philadelphia 76ers,Tyrese Maxey,PTS,28.5,Over,-136,BetRivers,True
2025-12-04,Golden State Warriors @ Philadelphia 76ers,Tyrese Maxey,PTS,28.5,Under,102,BetRivers,True
2025-12-04,Golden State Warriors @ Philadelphia 76ers,VJ Edgecombe,PTS,10.5,Over,-157,BetRivers,True
2025-12-04,Golden State Warriors @ Philadelphia 76ers,VJ Edgecombe,PTS,10.5,Under,114,BetRivers,True
2025-12-04,Golden State Warriors @ Philadelphia 76ers,Draymond Green,PTS,9.5,Over,-155,BetRivers,True
2025-12-04,Golden State Warriors @ Philadelphia 76ers,Draymond Green,PTS,9.5,Under,112,BetRivers,True
2025-12-04,Golden State Warriors @ Philadelphia 76ers,Jimmy Butler,PTS,22.5,Over,-103,BetRivers,True
2025-12-04,Golden State Warriors @ Philadelphia 76ers,Jimmy Butler,PTS,22.5,Under,-130,BetRivers,True
2025-12-04,Golden State Warriors @ Philadelphia 76ers,Moses Moody,PTS,12.5,Over,108,BetRivers,True
2025-12-04,Golden State Warriors @ Philadelphia 76ers,Moses Moody,PTS,12.5,Under,-115,BetMGM,True
2025-12-04,Golden State Warriors @ Philadelphia 76ers,Tyrese Maxey,PTS,30.5,Over,110,BetRivers,True
2025-12-04,Golden State Warriors @ Philadelphia 76ers,Tyrese Maxey,PTS,30.5,Under,-150,BetRivers,True
2025-12-04,Golden State Warriors @ Philadelphia 76ers,Brandin Podziemski,PTS,16.5,Over,100,BetMGM,True
2025-12-04,Golden State Warriors @ Philadelphia 76ers,Brandin Podziemski,PTS,16.5,Under,-130,BetRivers,True
2025-12-04,Golden State Warriors @ Philadelphia 76ers,Quentin Grimes,PTS,16.5,Over,115,BetRivers,True
2025-12-04,Golden State Warriors @ Philadelphia 76ers,Quentin Grimes,PTS,16.5,Under,-130,BetMGM,True
2025-12-04,Golden State Warriors @ Philadelphia 76ers,Joel Embiid,PTS,17.5,Over,-120,BetMGM,True
2025-12-04,Golden State Warriors @ Philadelphia 76ers,Joel Embiid,PTS,17.5,Under,-104,BetRivers,True
2025-12-04,Golden State Warriors @ Philadelphia 76ers,VJ Edgecombe,PTS,12.5,Over,123,BetRivers,True
2025-12-04,Golden State Warriors @ Philadelphia 76ers,VJ Edgecombe,PTS,12.5,Under,-167,BetRivers,True
2025-12-04,Golden State Warriors @ Philadelphia 76ers,Quentin Grimes,PTS,14.5,Over,-148,BetRivers,True
2025-12-04,Golden State Warriors @ Philadelphia 76ers,Quentin Grimes,PTS,14.5,Under,110,BetRivers,True
2025-12-04,Golden State Warriors @ Philadelphia 76ers,Quinten Post,PTS,8.5,Over,-115,BetMGM,True
2025-12-04,Golden State Warriors @ Philadelphia 76ers,Quinten Post,PTS,8.5,Under,-118,BetMGM,True
2025-12-04,Golden State Warriors @ Philadelphia 76ers,Gary Payton II,PTS,6.5,Over,-130,BetMGM,True
2025-12-04,Golden State Warriors @ Philadelphia 76ers,Gary Payton II,PTS,6.5,Under,-105,BetMGM,True
2025-12-04,Golden State Warriors @ Philadelphia 76ers,Andre Drummond,PTS,5.5,Over,-130,BetMGM,True
2025-12-04,Golden State Warriors @ Philadelphia 76ers,Andre Drummond,PTS,5.5,Under,-105,BetMGM,True
2025-12-04,Golden State Warriors @ Philadelphia 76ers,VJ Edgecombe,REB,4.5,Over,-114,BetRivers,True
2025-12-04,Golden State Warriors @ Philadelphia 76ers,VJ Edgecombe,REB,4.5,Under,-110,FanDuel,True
2025-12-04,Golden State Warriors @ Philadelphia 76ers,Will Richard,REB,3.5,Over,122,FanDuel,True
2025-12-04,Golden State Warriors @ Philadelphia 76ers,Will Richard,REB,3.5,Under,-151,DraftKings,True
2025-12-04,Golden State Warriors @ Philadelphia 76ers,Jonathan Kuminga,REB,4.5,Over,115,BetMGM,True
2025-12-04,Golden State Warriors @ Philadelphia 76ers,Jonathan Kuminga,REB,4.5,Under,-139,DraftKings,True
2025-12-04,Golden State Warriors @ Philadelphia 76ers,Draymond Green,REB,7.5,Over,116,FanDuel,True
2025-12-04,Golden State Warriors @ Philadelphia 76ers,Draymond Green,REB,7.5,Under,-139,DraftKings,True
2025-12-04,Golden State Warriors @ Philadelphia 76ers,Quentin Grimes,REB,3.5,Over,-155,BetRivers,True
2025-12-04,Golden State Warriors @ Philadelphia 76ers,Quentin Grimes,REB,3.5,Under,122,FanDuel,True
2025-12-04,Golden State Warriors @ Philadelphia 76ers,Brandin Podziemski,REB,5.5,Over,-110,BetMGM,True
2025-12-04,Golden State Warriors @ Philadelphia 76ers,Brandin Podziemski,REB,5.5,Under,-105,BetRivers,True
2025-12-04,Golden State Warriors @ Philadelphia 76ers,Jimmy Butler,REB,5.5,Over,-139,BetRivers,True
2025-12-04,Golden State Warriors @ Philadelphia 76ers,Jimmy Butler,REB,5.5,Under,115,BetMGM,True
2025-12-04,Golden State Warriors @ Philadelphia 76ers,Moses Moody,REB,3.5,Over,107,BetRivers,True
2025-12-04,Golden State Warriors @ Philadelphia 76ers,Moses Moody,REB,3.5,Under,-117,DraftKings,True
2025-12-04,Golden State Warriors @ Philadelphia 76ers,Joel Embiid,REB,6.5,Over,-114,FanDuel,True
2025-12-04,Golden State Warriors @ Philadelphia 76ers,Joel Embiid,REB,6.5,Under,-110,DraftKings,True
2025-12-04,Golden State Warriors @ Philadelphia 76ers,Tyrese Maxey,REB,3.5,Over,-148,BetRivers,True
2025-12-04,Golden State Warriors @ Philadelphia 76ers,Tyrese Maxey,REB,3.5,Under,114,FanDuel,True
2025-12-04,Golden State Warriors @ Philadelphia 76ers,Jimmy Butler,REB,6.5,Over,113,DraftKings,True
2025-12-04,Golden State Warriors @ Philadelphia 76ers,Jimmy Butler,REB,6.5,Under,-149,DraftKings,True
2025-12-04,Golden State Warriors @ Philadelphia 76ers,Quentin Grimes,REB,4.5,Over,106,DraftKings,True
2025-12-04,Golden State Warriors @ Philadelphia 76ers,Quentin Grimes,REB,4.5,Under,-140,DraftKings,True
2025-12-04,Golden State Warriors @ Philadelphia 76ers,Tyrese Maxey,REB,4.5,Over,125,BetMGM,True
2025-12-04,Golden State Warriors @ Philadelphia 76ers,Tyrese Maxey,REB,4.5,Under,-155,DraftKings,True
2025-12-04,Golden State Warriors @ Philadelphia 76ers,Jared McCain,REB,2.5,Over,-117,DraftKings,True
2025-12-04,Golden State Warriors @ Philadelphia 76ers,Jared McCain,REB,2.5,Under,100,BetMGM,True
2025-12-04,Golden State Warriors @ Philadelphia 76ers,Draymond Green,REB,6.5,Over,-155,BetRivers,True
2025-12-04,Golden State Warriors @ Philadelphia 76ers,Draymond Green,REB,6.5,Under,117,BetRivers,True
2025-12-04,Golden State Warriors @ Philadelphia 76ers,Buddy Hield,REB,3.5,Over,135,BetMGM,True
2025-12-04,Golden State Warriors @ Philadelphia 76ers,Buddy Hield,REB,3.5,Under,-185,BetMGM,True
2025-12-04,Golden State Warriors @ Philadelphia 76ers,Quinten Post,REB,4.5,Over,-130,BetMGM,True
2025-12-04,Golden State Warriors @ Philadelphia 76ers,Quinten Post,REB,4.5,Under,-105,BetMGM,True
2025-12-04,Golden State Warriors @ Philadelphia 76ers,Gary Payton II,REB,3.5,Over,-155,BetMGM,True
2025-12-04,Golden State Warriors @ Philadelphia 76ers,Gary Payton II,REB,3.5,Under,115,BetMGM,True
2025-12-04,Golden State Warriors @ Philadelphia 76ers,Andre Drummond,REB,8.5,Over,-130,BetMGM,True
2025-12-04,Golden State Warriors @ Philadelphia 76ers,Andre Drummond,REB,8.5,Under,-105,BetMGM,True
2025-12-04,Golden State Warriors @ Philadelphia 76ers,Justin Edwards,REB,3.5,Over,130,BetMGM,True
2025-12-04,Golden State Warriors @ Philadelphia 76ers,Justin Edwards,REB,3.5,Under,-175,BetMGM,True
2025-12-04,Golden State Warriors @ Philadelphia 76ers,Draymond Green,AST,5.5,Over,-125,FanDuel,True
2025-12-04,Golden State Warriors @ Philadelphia 76ers,Draymond Green,AST,5.5,Under,104,DraftKings,True
2025-12-04,Golden State Warriors @ Philadelphia 76ers,Joel Embiid,AST,3.5,Over,136,FanDuel,True
2025-12-04,Golden State Warriors @ Philadelphia 76ers,Joel Embiid,AST,3.5,Under,-175,BetRivers,True
2025-12-04,Golden State Warriors @ Philadelphia 76ers,Tyrese Maxey,AST,7.5,Over,114,FanDuel,True
2025-12-04,Golden State Warriors @ Philadelphia 76ers,Tyrese Maxey,AST,7.5,Under,-139,BetRivers,True
2025-12-04,Golden State Warriors @ Philadelphia 76ers,Quentin Grimes,AST,4.5,Over,134,FanDuel,True
2025-12-04,Golden State Warriors @ Philadelphia 76ers,Quentin Grimes,AST,4.5,Under,-180,FanDuel,True
2025-12-04,Golden State Warriors @ Philadelphia 76ers,VJ Edgecombe,AST,3.5,Over,130,FanDuel,True
2025-12-04,Golden State Warriors @ Philadelphia 76ers,VJ Edgecombe,AST,3.5,Under,-165,BetMGM,True
2025-12-04,Golden State Warriors @ Philadelphia 76ers,Jimmy Butler,AST,5.5,Over,114,FanDuel,True
2025-12-04,Golden State Warriors @ Philadelphia 76ers,Jimmy Butler,AST,5.5,Under,-139,BetRivers,True
2025-12-04,Golden State Warriors @ Philadelphia 76ers,Brandin Podziemski,AST,4.5,Over,120,FanDuel,True
2025-12-04,Golden State Warriors @ Philadelphia 76ers,Brandin Podziemski,AST,4.5,Under,-143,BetRivers,True
2025-12-04,Golden State Warriors @ Philadelphia 76ers,Tyrese Maxey,AST,6.5,Over,-142,DraftKings,True
2025-12-04,Golden State Warriors @ Philadelphia 76ers,Tyrese Maxey,AST,6.5,Under,115,BetMGM,True
2025-12-04,Golden State Warriors @ Philadelphia 76ers,Brandin Podziemski,AST,3.5,Over,-155,BetMGM,True
2025-12-04,Golden State Warriors @ Philadelphia 76ers,Brandin Podziemski,AST,3.5,Under,124,DraftKings,True
2025-12-04,Golden State Warriors @ Philadelphia 76ers,Quentin Grimes,AST,3.5,Over,-143,DraftKings,True
2025-12-04,Golden State Warriors @ Philadelphia 76ers,Quentin Grimes,AST,3.5,Under,120,BetRivers,True
2025-12-04,Golden State Warriors @ Philadelphia 76ers,VJ Edgecombe,AST,2.5,Over,-167,BetRivers,True
2025-12-04,Golden State Warriors @ Philadelphia 76ers,VJ Edgecombe,AST,2.5,Under,133,DraftKings,True
2025-12-04,Golden State Warriors @ Philadelphia 76ers,Joel Embiid,AST,2.5,Over,-166,DraftKings,True
2025-12-04,Golden State Warriors @ Philadelphia 76ers,Joel Embiid,AST,2.5,Under,130,BetMGM,True
2025-12-04,Golden State Warriors @ Philadelphia 76ers,Jared McCain,AST,2.5,Over,145,BetMGM,True
2025-12-04,Golden State Warriors @ Philadelphia 76ers,Jared McCain,AST,2.5,Under,-164,DraftKings,True
2025-12-04,Golden State Warriors @ Philadelphia 76ers,Andre Drummond,AST,0.5,Over,-105,BetMGM,True
2025-12-04,Golden State Warriors @ Philadelphia 76ers,Andre Drummond,AST,0.5,Under,-130,BetMGM,True
2025-12-04,Golden State Warriors @ Philadelphia 76ers,Will Richard,AST,1.5,Over,120,BetMGM,True
2025-12-04,Golden State Warriors @ Philadelphia 76ers,Will Richard,AST,1.5,Under,-160,BetMGM,True
2025-12-04,Golden State Warriors @ Philadelphia 76ers,Moses Moody,AST,1.5,Over,110,BetMGM,True
2025-12-04,Golden State Warriors @ Philadelphia 76ers,Moses Moody,AST,1.5,Under,-145,BetMGM,True
2025-12-04,Golden State Warriors @ Philadelphia 76ers,Jonathan Kuminga,AST,1.5,Over,-155,BetMGM,True
2025-12-04,Golden State Warriors @ Philadelphia 76ers,Jonathan Kuminga,AST,1.5,Under,115,BetMGM,True
2025-12-04,Golden State Warriors @ Philadelphia 76ers,Buddy Hield,AST,1.5,Over,-155,BetMGM,True
2025-12-04,Golden State Warriors @ Philadelphia 76ers,Buddy Hield,AST,1.5,Under,120,BetMGM,True
2025-12-04,Golden State Warriors @ Philadelphia 76ers,Quinten Post,AST,1.5,Over,115,BetMGM,True
2025-12-04,Golden State Warriors @ Philadelphia 76ers,Quinten Post,AST,1.5,Under,-155,BetMGM,True
2025-12-04,Golden State Warriors @ Philadelphia 76ers,Gary Payton II,AST,2.5,Over,-105,BetMGM,True
2025-12-04,Golden State Warriors @ Philadelphia 76ers,Gary Payton II,AST,2.5,Under,-130,BetMGM,True
2025-12-04,Golden State Warriors @ Philadelphia 76ers,Justin Edwards,AST,1.5,Over,-150,BetMGM,True
2025-12-04,Golden State Warriors @ Philadelphia 76ers,Justin Edwards,AST,1.5,Under,110,BetMGM,True
2025-12-04,Golden State Warriors @ Philadelphia 76ers,Moses Moody,3PM,2.5,Over,120,FanDuel,True
2025-12-04,Golden State Warriors @ Philadelphia 76ers,Moses Moody,3PM,2.5,Under,-140,BetMGM,True
2025-12-04,Golden State Warriors @ Philadelphia 76ers,VJ Edgecombe,3PM,1.5,Over,130,FanDuel,True
2025-12-04,Golden State Warriors @ Philadelphia 76ers,VJ Edgecombe,3PM,1.5,Under,-157,DraftKings,True
2025-12-04,Golden State Warriors @ Philadelphia 76ers,Jared McCain,3PM,1.5,Over,-144,DraftKings,True
2025-12-04,Golden State Warriors @ Philadelphia 76ers,Jared McCain,3PM,1.5,Under,116,FanDuel,True
2025-12-04,Golden State Warriors @ Philadelphia 76ers,Brandin Podziemski,3PM,2.5,Over,134,DraftKings,True
2025-12-04,Golden State Warriors @ Philadelphia 76ers,Brandin Podziemski,3PM,2.5,Under,-157,BetRivers,True
2025-12-04,Golden State Warriors @ Philadelphia 76ers,Quentin Grimes,3PM,2.5,Over,116,FanDuel,True
2025-12-04,Golden State Warriors @ Philadelphia 76ers,Quentin Grimes,3PM,2.5,Under,-140,DraftKings,True
2025-12-04,Golden State Warriors @ Philadelphia 76ers,Will Richard,3PM,1.5,Over,174,FanDuel,True
2025-12-04,Golden State Warriors @ Philadelphia 76ers,Will Richard,3PM,1.5,Under,-220,BetMGM,True
2025-12-04,Golden State Warriors @ Philadelphia 76ers,Draymond Green,3PM,1.5,Over,-120,DraftKings,True
2025-12-04,Golden State Warriors @ Philadelphia 76ers,Draymond Green,3PM,1.5,Under,102,BetRivers,True
2025-12-04,Golden State Warriors @ Philadelphia 76ers,Tyrese Maxey,3PM,3.5,Over,107,DraftKings,True
2025-12-04,Golden State Warriors @ Philadelphia 76ers,Tyrese Maxey,3PM,3.5,Under,-132,BetRivers,True
2025-12-04,Golden State Warriors @ Philadelphia 76ers,Buddy Hield,3PM,1.5,Over,-155,DraftKings,True
2025-12-04,Golden State Warriors @ Philadelphia 76ers,Buddy Hield,3PM,1.5,Under,120,BetMGM,True
2025-12-04,Golden State Warriors @ Philadelphia 76ers,Joel Embiid,3PM,1.5,Over,183,DraftKings,True
2025-12-04,Golden State Warriors @ Philadelphia 76ers,Joel Embiid,3PM,1.5,Under,-190,BetMGM,True
2025-12-04,Golden State Warriors @ Philadelphia 76ers,Andre Drummond,3PM,0.5,Over,230,BetMGM,True
2025-12-04,Golden State Warriors @ Philadelphia 76ers,Andre Drummond,3PM,0.5,Under,-325,BetMGM,True
2025-12-04,Golden State Warriors @ Philadelphia 76ers,Jimmy Butler,3PM,0.5,Over,-125,BetMGM,True
2025-12-04,Golden State Warriors @ Philadelphia 76ers,Jimmy Butler,3PM,0.5,Under,-105,BetMGM,True
2025-12-04,Golden State Warriors @ Philadelphia 76ers,Jonathan Kuminga,3PM,0.5,Over,-165,BetMGM,True
2025-12-04,Golden State Warriors @ Philadelphia 76ers,Jonathan Kuminga,3PM,0.5,Under,125,BetMGM,True
2025-12-04,Golden State Warriors @ Philadelphia 76ers,Quinten Post,3PM,1.5,Over,-118,BetMGM,True
2025-12-04,Golden State Warriors @ Philadelphia 76ers,Quinten Post,3PM,1.5,Under,-110,BetMGM,True
2025-12-04,Golden State Warriors @ Philadelphia 76ers,Gary Payton II,3PM,0.5,Over,105,BetMGM,True
2025-12-04,Golden State Warriors @ Philadelphia 76ers,Gary Payton II,3PM,0.5,Under,-140,BetMGM,True
2025-12-04,Golden State Warriors @ Philadelphia 76ers,Justin Edwards,3PM,1.5,Over,-118,BetMGM,True
2025-12-04,Golden State Warriors @ Philadelphia 76ers,Justin Edwards,3PM,1.5,Under,-110,BetMGM,True
2025-12-04,Utah Jazz @ Brooklyn Nets,Ace Bailey,PTS,12.5,Over,-112,FanDuel,True
2025-12-04,Utah Jazz @ Brooklyn Nets,Ace Bailey,PTS,12.5,Under,-113,DraftKings,True
2025-12-04,Utah Jazz @ Brooklyn Nets,Noah Clowney,PTS,17.5,Over,100,FanDuel,True
2025-12-04,Utah Jazz @ Brooklyn Nets,Noah Clowney,PTS,17.5,Under,-105,BetMGM,True
2025-12-04,Utah Jazz @ Brooklyn Nets,Kyle Filipowski,PTS,10.5,Over,-118,BetRivers,True
2025-12-04,Utah Jazz @ Brooklyn Nets,Kyle Filipowski,PTS,10.5,Under,-107,DraftKings,True
2025-12-04,Utah Jazz @ Brooklyn Nets,Tyrese Martin,PTS,9.5,Over,-109,BetRivers,True
2025-12-04,Utah Jazz @ Brooklyn Nets,Tyrese Martin,PTS,9.5,Under,-103,DraftKings,True
2025-12-04,Utah Jazz @ Brooklyn Nets,Nicolas Claxton,PTS,16.5,Over,-102,FanDuel,True
2025-12-04,Utah Jazz @ Brooklyn Nets,Nicolas Claxton,PTS,16.5,Under,-113,DraftKings,True
2025-12-04,Utah Jazz @ Brooklyn Nets,Egor Demin,PTS,11.5,Over,100,BetRivers,True
2025-12-04,Utah Jazz @ Brooklyn Nets,Egor Demin,PTS,11.5,Under,-105,BetMGM,True
2025-12-04,Utah Jazz @ Brooklyn Nets,Isaiah Collier,PTS,7.5,Over,105,BetMGM,True
2025-12-04,Utah Jazz @ Brooklyn Nets,Isaiah Collier,PTS,7.5,Under,-110,DraftKings,True
2025-12-04,Utah Jazz @ Brooklyn Nets,Lauri Markkanen,PTS,26.5,Over,-114,FanDuel,True
2025-12-04,Utah Jazz @ Brooklyn Nets,Lauri Markkanen,PTS,26.5,Under,-109,DraftKings,True
2025-12-04,Utah Jazz @ Brooklyn Nets,Jusuf Nurkic,PTS,9.5,Over,-115,DraftKings,True
2025-12-04,Utah Jazz @ Brooklyn Nets,Jusuf Nurkic,PTS,9.5,Under,-106,FanDuel,True
2025-12-04,Utah Jazz @ Brooklyn Nets,Brice Sensabaugh,PTS,9.5,Over,-120,FanDuel,True
2025-12-04,Utah Jazz @ Brooklyn Nets,Brice Sensabaugh,PTS,9.5,Under,-110,FanDuel,True
2025-12-04,Utah Jazz @ Brooklyn Nets,Keyonte George,PTS,21.5,Over,115,BetMGM,True
2025-12-04,Utah Jazz @ Brooklyn Nets,Keyonte George,PTS,21.5,Under,-122,DraftKings,True
2025-12-04,Utah Jazz @ Brooklyn Nets,Ziaire Williams,PTS,11.5,Over,102,FanDuel,True
2025-12-04,Utah Jazz @ Brooklyn Nets,Ziaire Williams,PTS,11.5,Under,-129,BetRivers,True
2025-12-04,Utah Jazz @ Brooklyn Nets,Danny Wolf,PTS,9.5,Over,-130,FanDuel,True
2025-12-04,Utah Jazz @ Brooklyn Nets,Danny Wolf,PTS,9.5,Under,100,BetRivers,True
2025-12-04,Utah Jazz @ Brooklyn Nets,Svi Mykhailiuk,PTS,8.5,Over,-105,BetMGM,True
2025-12-04,Utah Jazz @ Brooklyn Nets,Svi Mykhailiuk,PTS,8.5,Under,-106,FanDuel,True
2025-12-04,Utah Jazz @ Brooklyn Nets,Noah Clowney,PTS,16.5,Over,-114,DraftKings,True
2025-12-04,Utah Jazz @ Brooklyn Nets,Noah Clowney,PTS,16.5,Under,102,BetRivers,True
2025-12-04,Utah Jazz @ Brooklyn Nets,Danny Wolf,PTS,11.5,Over,100,DraftKings,True
2025-12-04,Utah Jazz @ Brooklyn Nets,Danny Wolf,PTS,11.5,Under,-128,DraftKings,True
2025-12-04,Utah Jazz @ Brooklyn Nets,Ziaire Williams,PTS,10.5,Over,-127,DraftKings,True
2025-12-04,Utah Jazz @ Brooklyn Nets,Ziaire Williams,PTS,10.5,Under,107,BetRivers,True
2025-12-04,Utah Jazz @ Brooklyn Nets,Terance Mann,PTS,10.5,Over,-126,DraftKings,True
2025-12-04,Utah Jazz @ Brooklyn Nets,Terance Mann,PTS,10.5,Under,-101,DraftKings,True
2025-12-04,Utah Jazz @ Brooklyn Nets,Brice Sensabaugh,PTS,10.5,Over,100,BetMGM,True
2025-12-04,Utah Jazz @ Brooklyn Nets,Brice Sensabaugh,PTS,10.5,Under,-122,DraftKings,True
2025-12-04,Utah Jazz @ Brooklyn Nets,Nicolas Claxton,PTS,15.5,Over,-148,BetRivers,True
2025-12-04,Utah Jazz @ Brooklyn Nets,Nicolas Claxton,PTS,15.5,Under,108,BetRivers,True
2025-12-04,Utah Jazz @ Brooklyn Nets,Lauri Markkanen,PTS,27.5,Over,105,BetRivers,True
2025-12-04,Utah Jazz @ Brooklyn Nets,Lauri Markkanen,PTS,27.5,Under,-139,BetRivers,True
2025-12-04,Utah Jazz @ Brooklyn Nets,Ace Bailey,PTS,11.5,Over,-159,BetRivers,True
2025-12-04,Utah Jazz @ Brooklyn Nets,Ace Bailey,PTS,11.5,Under,116,BetRivers,True
2025-12-04,Utah Jazz @ Brooklyn Nets,Lauri Markkanen,PTS,25.5,Over,-148,BetRivers,True
2025-12-04,Utah Jazz @ Brooklyn Nets,Lauri Markkanen,PTS,25.5,Under,110,BetRivers,True
2025-12-04,Utah Jazz @ Brooklyn Nets,Keyonte George,PTS,20.5,Over,-130,BetRivers,True
2025-12-04,Utah Jazz @ Brooklyn Nets,Keyonte George,PTS,20.5,Under,-103,BetRivers,True
2025-12-04,Utah Jazz @ Brooklyn Nets,Keyonte George,PTS,22.5,Over,123,BetRivers,True
2025-12-04,Utah Jazz @ Brooklyn Nets,Keyonte George,PTS,22.5,Under,-167,BetRivers,True
2025-12-04,Utah Jazz @ Brooklyn Nets,Noah Clowney,PTS,18.5,Over,120,BetRivers,True
2025-12-04,Utah Jazz @ Brooklyn Nets,Noah Clowney,PTS,18.5,Under,-167,BetRivers,True
2025-12-04,Utah Jazz @ Brooklyn Nets,Kyle Filipowski,PTS,11.5,Over,115,BetRivers,True
2025-12-04,Utah Jazz @ Brooklyn Nets,Kyle Filipowski,PTS,11.5,Under,-157,BetRivers,True
2025-12-04,Utah Jazz @ Brooklyn Nets,Ace Bailey,PTS,13.5,Over,115,BetRivers,True
2025-12-04,Utah Jazz @ Brooklyn Nets,Ace Bailey,PTS,13.5,Under,-159,BetRivers,True
2025-12-04,Utah Jazz @ Brooklyn Nets,Jusuf Nurkic,PTS,10.5,Over,120,BetRivers,True
2025-12-04,Utah Jazz @ Brooklyn Nets,Jusuf Nurkic,PTS,10.5,Under,-130,BetMGM,True
2025-12-04,Utah Jazz @ Brooklyn Nets,Nicolas Claxton,PTS,17.5,Over,120,BetRivers,True
2025-12-04,Utah Jazz @ Brooklyn Nets,Nicolas Claxton,PTS,17.5,Under,-167,BetRivers,True
2025-12-04,Utah Jazz @ Brooklyn Nets,Tyrese Martin,PTS,8.5,Over,-155,BetRivers,True
2025-12-04,Utah Jazz @ Brooklyn Nets,Tyrese Martin,PTS,8.5,Under,114,BetRivers,True
2025-12-04,Utah Jazz @ Brooklyn Nets,Danny Wolf,PTS,10.5,Over,105,BetRivers,True
2025-12-04,Utah Jazz @ Brooklyn Nets,Danny Wolf,PTS,10.5,Under,-141,BetRivers,True
2025-12-04,Utah Jazz @ Brooklyn Nets,Egor Demin,PTS,10.5,Over,-137,BetRivers,True
2025-12-04,Utah Jazz @ Brooklyn Nets,Egor Demin,PTS,10.5,Under,104,BetRivers,True
2025-12-04,Utah Jazz @ Brooklyn Nets,Day'Ron Sharpe,PTS,6.5,Over,-125,BetMGM,True
2025-12-04,Utah Jazz @ Brooklyn Nets,Day'Ron Sharpe,PTS,6.5,Under,-105,BetMGM,True
2025-12-04,Utah Jazz @ Brooklyn Nets,Terance Mann,PTS,9.5,Over,-118,BetMGM,True
2025-12-04,Utah Jazz @ Brooklyn Nets,Terance Mann,PTS,9.5,Under,-110,BetMGM,True
2025-12-04,Utah Jazz @ Brooklyn Nets,Tyrese Martin,PTS,10.5,Over,-105,BetMGM,True
2025-12-04,Utah Jazz @ Brooklyn Nets,Tyrese Martin,PTS,10.5,Under,-130,BetMGM,True
2025-12-04,Utah Jazz @ Brooklyn Nets,Ben Saraf,PTS,6.5,Over,-120,BetMGM,True
2025-12-04,Utah Jazz @ Brooklyn Nets,Ben Saraf,PTS,6.5,Under,-110,BetMGM,True
2025-12-04,Utah Jazz @ Brooklyn Nets,Keyonte George,REB,3.5,Over,-121,BetRivers,True
2025-12-04,Utah Jazz @ Brooklyn Nets,Keyonte George,REB,3.5,Under,100,BetMGM,True
2025-12-04,Utah Jazz @ Brooklyn Nets,Lauri Markkanen,REB,6.5,Over,-103,DraftKings,True
2025-12-04,Utah Jazz @ Brooklyn Nets,Lauri Markkanen,REB,6.5,Under,-114,FanDuel,True
2025-12-04,Utah Jazz @ Brooklyn Nets,Svi Mykhailiuk,REB,2.5,Over,-114,FanDuel,True
2025-12-04,Utah Jazz @ Brooklyn Nets,Svi Mykhailiuk,REB,2.5,Under,-105,BetMGM,True
2025-12-04,Utah Jazz @ Brooklyn Nets,Danny Wolf,REB,4.5,Over,-125,FanDuel,True
2025-12-04,Utah Jazz @ Brooklyn Nets,Danny Wolf,REB,4.5,Under,108,DraftKings,True
2025-12-04,Utah Jazz @ Brooklyn Nets,Ace Bailey,REB,3.5,Over,-108,BetRivers,True
2025-12-04,Utah Jazz @ Brooklyn Nets,Ace Bailey,REB,3.5,Under,-113,DraftKings,True
2025-12-04,Utah Jazz @ Brooklyn Nets,Tyrese Martin,REB,3.5,Over,145,BetMGM,True
2025-12-04,Utah Jazz @ Brooklyn Nets,Tyrese Martin,REB,3.5,Under,-192,FanDuel,True
2025-12-04,Utah Jazz @ Brooklyn Nets,Egor Demin,REB,3.5,Over,-148,BetRivers,True
2025-12-04,Utah Jazz @ Brooklyn Nets,Egor Demin,REB,3.5,Under,128,FanDuel,True
2025-12-04,Utah Jazz @ Brooklyn Nets,Nicolas Claxton,REB,8.5,Over,-103,BetRivers,True
2025-12-04,Utah Jazz @ Brooklyn Nets,Nicolas Claxton,REB,8.5,Under,-117,DraftKings,True
2025-12-04,Utah Jazz @ Brooklyn Nets,Kyle Filipowski,REB,7.5,Over,112,DraftKings,True
2025-12-04,Utah Jazz @ Brooklyn Nets,Kyle Filipowski,REB,7.5,Under,-122,FanDuel,True
2025-12-04,Utah Jazz @ Brooklyn Nets,Jusuf Nurkic,REB,9.5,Over,-130,DraftKings,True
2025-12-04,Utah Jazz @ Brooklyn Nets,Jusuf Nurkic,REB,9.5,Under,108,FanDuel,True
2025-12-04,Utah Jazz @ Brooklyn Nets,Noah Clowney,REB,4.5,Over,-114,FanDuel,True
2025-12-04,Utah Jazz @ Brooklyn Nets,Noah Clowney,REB,4.5,Under,110,BetMGM,True
2025-12-04,Utah Jazz @ Brooklyn Nets,Ziaire Williams,REB,4.5,Over,125,BetMGM,True
2025-12-04,Utah Jazz @ Brooklyn Nets,Ziaire Williams,REB,4.5,Under,-151,DraftKings,True
2025-12-04,Utah Jazz @ Brooklyn Nets,Terance Mann,REB,3.5,Over,-130,DraftKings,True
2025-12-04,Utah Jazz @ Brooklyn Nets,Terance Mann,REB,3.5,Under,100,BetMGM,True
2025-12-04,Utah Jazz @ Brooklyn Nets,Tyrese Martin,REB,2.5,Over,-154,DraftKings,True
2025-12-04,Utah Jazz @ Brooklyn Nets,Tyrese Martin,REB,2.5,Under,132,BetRivers,True
2025-12-04,Utah Jazz @ Brooklyn Nets,Isaiah Collier,REB,2.5,Over,-105,BetMGM,True
2025-12-04,Utah Jazz @ Brooklyn Nets,Isaiah Collier,REB,2.5,Under,-125,BetMGM,True
2025-12-04,Utah Jazz @ Brooklyn Nets,Brice Sensabaugh,REB,3.5,Over,140,BetMGM,True
2025-12-04,Utah Jazz @ Brooklyn Nets,Brice Sensabaugh,REB,3.5,Under,-190,BetMGM,True
2025-12-04,Utah Jazz @ Brooklyn Nets,Day'Ron Sharpe,REB,5.5,Over,-110,BetMGM,True
2025-12-04,Utah Jazz @ Brooklyn Nets,Day'Ron Sharpe,REB,5.5,Under,-118,BetMGM,True
2025-12-04,Utah Jazz @ Brooklyn Nets,Ace Bailey,REB,4.5,Over,135,BetMGM,True
2025-12-04,Utah Jazz @ Brooklyn Nets,Ace Bailey,REB,4.5,Under,-185,BetMGM,True
2025-12-04,Utah Jazz @ Brooklyn Nets,Ben Saraf,REB,2.5,Over,110,BetMGM,True
2025-12-04,Utah Jazz @ Brooklyn Nets,Ben Saraf,REB,2.5,Under,-150,BetMGM,True
2025-12-04,Utah Jazz @ Brooklyn Nets,Lauri Markkanen,AST,1.5,Over,-178,DraftKings,True
2025-12-04,Utah Jazz @ Brooklyn Nets,Lauri Markkanen,AST,1.5,Under,140,FanDuel,True
2025-12-04,Utah Jazz @ Brooklyn Nets,Egor Demin,AST,4.5,Over,105,BetMGM,True
2025-12-04,Utah Jazz @ Brooklyn Nets,Egor Demin,AST,4.5,Under,-114,FanDuel,True
2025-12-04,Utah Jazz @ Brooklyn Nets,Keyonte George,AST,7.5,Over,120,FanDuel,True
2025-12-04,Utah Jazz @ Brooklyn Nets,Keyonte George,AST,7.5,Under,-152,BetRivers,True
2025-12-04,Utah Jazz @ Brooklyn Nets,Jusuf Nurkic,AST,3.5,Over,-129,DraftKings,True
2025-12-04,Utah Jazz @ Brooklyn Nets,Jusuf Nurkic,AST,3.5,Under,114,BetRivers,True
2025-12-04,Utah Jazz @ Brooklyn Nets,Tyrese Martin,AST,3.5,Over,130,BetMGM,True
2025-12-04,Utah Jazz @ Brooklyn Nets,Tyrese Martin,AST,3.5,Under,-172,FanDuel,True
2025-12-04,Utah Jazz @ Brooklyn Nets,Nicolas Claxton,AST,4.5,Over,120,BetRivers,True
2025-12-04,Utah Jazz @ Brooklyn Nets,Nicolas Claxton,AST,4.5,Under,-158,FanDuel,True
2025-12-04,Utah Jazz @ Brooklyn Nets,Isaiah Collier,AST,4.5,Over,-146,FanDuel,True
2025-12-04,Utah Jazz @ Brooklyn Nets,Isaiah Collier,AST,4.5,Under,115,BetMGM,True
2025-12-04,Utah Jazz @ Brooklyn Nets,Keyonte George,AST,6.5,Over,-125,DraftKings,True
2025-12-04,Utah Jazz @ Brooklyn Nets,Keyonte George,AST,6.5,Under,-105,DraftKings,True
2025-12-04,Utah Jazz @ Brooklyn Nets,Isaiah Collier,AST,5.5,Over,115,DraftKings,True
2025-12-04,Utah Jazz @ Brooklyn Nets,Isaiah Collier,AST,5.5,Under,-152,DraftKings,True
2025-12-04,Utah Jazz @ Brooklyn Nets,Terance Mann,AST,3.5,Over,-157,DraftKings,True
2025-12-04,Utah Jazz @ Brooklyn Nets,Terance Mann,AST,3.5,Under,120,BetMGM,True
2025-12-04,Utah Jazz @ Brooklyn Nets,Nicolas Claxton,AST,3.5,Over,-151,DraftKings,True
2025-12-04,Utah Jazz @ Brooklyn Nets,Nicolas Claxton,AST,3.5,Under,120,BetMGM,True
2025-12-04,Utah Jazz @ Brooklyn Nets,Tyrese Martin,AST,2.5,Over,-132,DraftKings,True
2025-12-04,Utah Jazz @ Brooklyn Nets,Tyrese Martin,AST,2.5,Under,135,BetRivers,True
2025-12-04,Utah Jazz @ Brooklyn Nets,Egor Demin,AST,3.5,Over,-167,BetRivers,True
2025-12-04,Utah Jazz @ Brooklyn Nets,Egor Demin,AST,3.5,Under,125,BetRivers,True
2025-12-04,Utah Jazz @ Brooklyn Nets,Kyle Filipowski,AST,2.5,Over,135,BetMGM,True
2025-12-04,Utah Jazz @ Brooklyn Nets,Kyle Filipowski,AST,2.5,Under,-185,BetMGM,True
2025-12-04,Utah Jazz @ Brooklyn Nets,Noah Clowney,AST,1.5,Over,-150,BetMGM,True
2025-12-04,Utah Jazz @ Brooklyn Nets,Noah Clowney,AST,1.5,Under,115,BetMGM,True
2025-12-04,Utah Jazz @ Brooklyn Nets,Ziaire Williams,AST,1.5,Over,180,BetMGM,True
2025-12-04,Utah Jazz @ Brooklyn Nets,Ziaire Williams,AST,1.5,Under,-250,BetMGM,True
2025-12-04,Utah Jazz @ Brooklyn Nets,Svi Mykhailiuk,AST,2.5,Over,100,BetMGM,True
2025-12-04,Utah Jazz @ Brooklyn Nets,Svi Mykhailiuk,AST,2.5,Under,-135,BetMGM,True
2025-12-04,Utah Jazz @ Brooklyn Nets,Brice Sensabaugh,AST,1.5,Over,125,BetMGM,True
2025-12-04,Utah Jazz @ Brooklyn Nets,Brice Sensabaugh,AST,1.5,Under,-165,BetMGM,True
2025-12-04,Utah Jazz @ Brooklyn Nets,Ace Bailey,AST,1.5,Over,-175,BetMGM,True
2025-12-04,Utah Jazz @ Brooklyn Nets,Ace Bailey,AST,1.5,Under,130,BetMGM,True
2025-12-04,Utah Jazz @ Brooklyn Nets,Day'Ron Sharpe,AST,1.5,Over,-110,BetMGM,True
2025-12-04,Utah Jazz @ Brooklyn Nets,Day'Ron Sharpe,AST,1.5,Under,-120,BetMGM,True
2025-12-04,Utah Jazz @ Brooklyn Nets,Ben Saraf,AST,2.5,Over,-165,BetMGM,True
2025-12-04,Utah Jazz @ Brooklyn Nets,Ben Saraf,AST,2.5,Under,125,BetMGM,True
2025-12-04,Utah Jazz @ Brooklyn Nets,Ace Bailey,3PM,1.5,Over,-129,BetRivers,True
2025-12-04,Utah Jazz @ Brooklyn Nets,Ace Bailey,3PM,1.5,Under,114,DraftKings,True
2025-12-04,Utah Jazz @ Brooklyn Nets,Lauri Markkanen,3PM,3.5,Over,136,FanDuel,True
2025-12-04,Utah Jazz @ Brooklyn Nets,Lauri Markkanen,3PM,3.5,Under,-182,FanDuel,True
2025-12-04,Utah Jazz @ Brooklyn Nets,Keyonte George,3PM,2.5,Over,-101,DraftKings,True
2025-12-04,Utah Jazz @ Brooklyn Nets,Keyonte George,3PM,2.5,Under,-120,BetMGM,True
2025-12-04,Utah Jazz @ Brooklyn Nets,Egor Demin,3PM,2.5,Over,148,FanDuel,True
2025-12-04,Utah Jazz @ Brooklyn Nets,Egor Demin,3PM,2.5,Under,-185,BetMGM,True
2025-12-04,Utah Jazz @ Brooklyn Nets,Ziaire Williams,3PM,1.5,Over,-160,DraftKings,True
2025-12-04,Utah Jazz @ Brooklyn Nets,Ziaire Williams,3PM,1.5,Under,140,BetRivers,True
2025-12-04,Utah Jazz @ Brooklyn Nets,Tyrese Martin,3PM,1.5,Over,-103,BetRivers,True
2025-12-04,Utah Jazz @ Brooklyn Nets,Tyrese Martin,3PM,1.5,Under,-108,FanDuel,True
2025-12-04,Utah Jazz @ Brooklyn Nets,Noah Clowney,3PM,2.5,Over,-120,FanDuel,True
2025-12-04,Utah Jazz @ Brooklyn Nets,Noah Clowney,3PM,2.5,Under,110,BetMGM,True
2025-12-04,Utah Jazz @ Brooklyn Nets,Danny Wolf,3PM,1.5,Over,150,BetRivers,True
2025-12-04,Utah Jazz @ Brooklyn Nets,Danny Wolf,3PM,1.5,Under,-153,DraftKings,True
2025-12-04,Utah Jazz @ Brooklyn Nets,Brice Sensabaugh,3PM,1.5,Over,-155,BetMGM,True
2025-12-04,Utah Jazz @ Brooklyn Nets,Brice Sensabaugh,3PM,1.5,Under,136,DraftKings,True
2025-12-04,Utah Jazz @ Brooklyn Nets,Svi Mykhailiuk,3PM,1.5,Over,-125,DraftKings,True
2025-12-04,Utah Jazz @ Brooklyn Nets,Svi Mykhailiuk,3PM,1.5,Under,108,FanDuel,True
2025-12-04,Utah Jazz @ Brooklyn Nets,Lauri Markkanen,3PM,2.5,Over,-155,BetMGM,True
2025-12-04,Utah Jazz @ Brooklyn Nets,Lauri Markkanen,3PM,2.5,Under,133,BetRivers,True
2025-12-04,Utah Jazz @ Brooklyn Nets,Egor Demin,3PM,1.5,Over,-184,DraftKings,True
2025-12-04,Utah Jazz @ Brooklyn Nets,Egor Demin,3PM,1.5,Under,139,DraftKings,True
2025-12-04,Utah Jazz @ Brooklyn Nets,Terance Mann,3PM,1.5,Over,166,DraftKings,True
2025-12-04,Utah Jazz @ Brooklyn Nets,Terance Mann,3PM,1.5,Under,-220,BetMGM,True
2025-12-04,Utah Jazz @ Brooklyn Nets,Kyle Filipowski,3PM,1.5,Over,190,BetRivers,True
2025-12-04,Utah Jazz @ Brooklyn Nets,Kyle Filipowski,3PM,1.5,Under,-265,BetRivers,True
2025-12-04,Utah Jazz @ Brooklyn Nets,Kyle Filipowski,3PM,0.5,Over,-235,BetMGM,True
2025-12-04,Utah Jazz @ Brooklyn Nets,Kyle Filipowski,3PM,0.5,Under,175,BetMGM,True
2025-12-04,Utah Jazz @ Brooklyn Nets,Isaiah Collier,3PM,0.5,Over,160,BetMGM,True
2025-12-04,Utah Jazz @ Brooklyn Nets,Isaiah Collier,3PM,0.5,Under,-220,BetMGM,True
2025-12-04,Utah Jazz @ Brooklyn Nets,Jusuf Nurkic,3PM,0.5,Over,140,BetMGM,True
2025-12-04,Utah Jazz @ Brooklyn Nets,Jusuf Nurkic,3PM,0.5,Under,-190,BetMGM,True
2025-12-04,Utah Jazz @ Brooklyn Nets,Day'Ron Sharpe,3PM,0.5,Over,225,BetMGM,True
2025-12-04,Utah Jazz @ Brooklyn Nets,Day'Ron Sharpe,3PM,0.5,Under,-325,BetMGM,True
2025-12-04,Utah Jazz @ Brooklyn Nets,Ziaire Williams,3PM,2.5,Over,165,BetMGM,True
2025-12-04,Utah Jazz @ Brooklyn Nets,Ziaire Williams,3PM,2.5,Under,-220,BetMGM,True
2025-12-04,Utah Jazz @ Brooklyn Nets,Ben Saraf,3PM,0.5,Over,-185,BetMGM,True
2025-12-04,Utah Jazz @ Brooklyn Nets,Ben Saraf,3PM,0.5,Under,135,BetMGM,True
2025-12-04,Los Angeles Lakers @ Toronto Raptors,Dalton Knecht,PTS,7.5,Over,-105,BetMGM,True
2025-12-04,Los Angeles Lakers @ Toronto Raptors,Dalton Knecht,PTS,7.5,Under,-102,DraftKings,True
2025-12-04,Los Angeles Lakers @ Toronto Raptors,Scottie Barnes,PTS,21.5,Over,-110,BetMGM,True
2025-12-04,Los Angeles Lakers @ Toronto Raptors,Scottie Barnes,PTS,21.5,Under,-110,FanDuel,True
2025-12-04,Los Angeles Lakers @ Toronto Raptors,Gabe Vincent,PTS,6.5,Over,-110,BetMGM,True
2025-12-04,Los Angeles Lakers @ Toronto Raptors,Gabe Vincent,PTS,6.5,Under,-108,DraftKings,True
2025-12-04,Los Angeles Lakers @ Toronto Raptors,Immanuel Quickley,PTS,17.5,Over,-114,FanDuel,True
2025-12-04,Los Angeles Lakers @ Toronto Raptors,Immanuel Quickley,PTS,17.5,Under,-103,DraftKings,True
2025-12-04,Los Angeles Lakers @ Toronto Raptors,LeBron James,PTS,22.5,Over,-102,FanDuel,True
2025-12-04,Los Angeles Lakers @ Toronto Raptors,LeBron James,PTS,22.5,Under,-127,BetRivers,True
2025-12-04,Los Angeles Lakers @ Toronto Raptors,Deandre Ayton,PTS,15.5,Over,-105,DraftKings,True
2025-12-04,Los Angeles Lakers @ Toronto Raptors,Deandre Ayton,PTS,15.5,Under,-113,BetRivers,True
2025-12-04,Los Angeles Lakers @ Toronto Raptors,Ja'Kobe Walter,PTS,8.5,Over,-108,FanDuel,True
2025-12-04,Los Angeles Lakers @ Toronto Raptors,Ja'Kobe Walter,PTS,8.5,Under,-115,DraftKings,True
2025-12-04,Los Angeles Lakers @ Toronto Raptors,Sandro Mamukelashvili,PTS,11.5,Over,-110,BetMGM,True
2025-12-04,Los Angeles Lakers @ Toronto Raptors,Sandro Mamukelashvili,PTS,11.5,Under,-112,FanDuel,True
2025-12-04,Los Angeles Lakers @ Toronto Raptors,Brandon Ingram,PTS,22.5,Over,-123,DraftKings,True
2025-12-04,Los Angeles Lakers @ Toronto Raptors,Brandon Ingram,PTS,22.5,Under,102,BetRivers,True
2025-12-04,Los Angeles Lakers @ Toronto Raptors,Rui Hachimura,PTS,13.5,Over,-103,DraftKings,True
2025-12-04,Los Angeles Lakers @ Toronto Raptors,Rui Hachimura,PTS,13.5,Under,-109,BetRivers,True
2025-12-04,Los Angeles Lakers @ Toronto Raptors,Austin Reaves,PTS,28.5,Over,-104,FanDuel,True
2025-12-04,Los Angeles Lakers @ Toronto Raptors,Austin Reaves,PTS,28.5,Under,-110,BetRivers,True
2025-12-04,Los Angeles Lakers @ Toronto Raptors,Gradey Dick,PTS,6.5,Over,-118,BetMGM,True
2025-12-04,Los Angeles Lakers @ Toronto Raptors,Gradey Dick,PTS,6.5,Under,-102,FanDuel,True
2025-12-04,Los Angeles Lakers @ Toronto Raptors,Jake LaRavia,PTS,8.5,Over,-110,FanDuel,True
2025-12-04,Los Angeles Lakers @ Toronto Raptors,Jake LaRavia,PTS,8.5,Under,-107,DraftKings,True
2025-12-04,Los Angeles Lakers @ Toronto Raptors,Collin Murray-Boyles,PTS,8.5,Over,100,BetMGM,True
2025-12-04,Los Angeles Lakers @ Toronto Raptors,Collin Murray-Boyles,PTS,8.5,Under,-120,FanDuel,True
2025-12-04,Los Angeles Lakers @ Toronto Raptors,Jamal Shead,PTS,7.5,Over,104,FanDuel,True
2025-12-04,Los Angeles Lakers @ Toronto Raptors,Jamal Shead,PTS,7.5,Under,-124,DraftKings,True
2025-12-04,Los Angeles Lakers @ Toronto Raptors,Austin Reaves,PTS,27.5,Over,-114,DraftKings,True
2025-12-04,Los Angeles Lakers @ Toronto Raptors,Austin Reaves,PTS,27.5,Under,110,BetRivers,True
2025-12-04,Los Angeles Lakers @ Toronto Raptors,LeBron James,PTS,21.5,Over,-114,DraftKings,True
2025-12-04,Los Angeles Lakers @ Toronto Raptors,LeBron James,PTS,21.5,Under,100,BetRivers,True
2025-12-04,Los Angeles Lakers @ Toronto Raptors,Scottie Barnes,PTS,20.5,Over,-123,DraftKings,True
2025-12-04,Los Angeles Lakers @ Toronto Raptors,Scottie Barnes,PTS,20.5,Under,108,BetRivers,True
2025-12-04,Los Angeles Lakers @ Toronto Raptors,Gradey Dick,PTS,7.5,Over,-108,DraftKings,True
2025-12-04,Los Angeles Lakers @ Toronto Raptors,Gradey Dick,PTS,7.5,Under,-118,DraftKings,True
2025-12-04,Los Angeles Lakers @ Toronto Raptors,Austin Reaves,PTS,29.5,Over,102,BetRivers,True
2025-12-04,Los Angeles Lakers @ Toronto Raptors,Austin Reaves,PTS,29.5,Under,-136,BetRivers,True
2025-12-04,Los Angeles Lakers @ Toronto Raptors,Immanuel Quickley,PTS,18.5,Over,108,BetRivers,True
2025-12-04,Los Angeles Lakers @ Toronto Raptors,Immanuel Quickley,PTS,18.5,Under,-148,BetRivers,True
2025-12-04,Los Angeles Lakers @ Toronto Raptors,Deandre Ayton,PTS,16.5,Over,114,BetRivers,True
2025-12-04,Los Angeles Lakers @ Toronto Raptors,Deandre Ayton,PTS,16.5,Under,-157,BetRivers,True
2025-12-04,Los Angeles Lakers @ Toronto Raptors,Scottie Barnes,PTS,22.5,Over,112,BetRivers,True
2025-12-04,Los Angeles Lakers @ Toronto Raptors,Scottie Barnes,PTS,22.5,Under,-152,BetRivers,True
2025-12-04,Los Angeles Lakers @ Toronto Raptors,Rui Hachimura,PTS,14.5,Over,110,BetRivers,True
2025-12-04,Los Angeles Lakers @ Toronto Raptors,Rui Hachimura,PTS,14.5,Under,-150,BetRivers,True
2025-12-04,Los Angeles Lakers @ Toronto Raptors,Brandon Ingram,PTS,24.5,Over,116,BetRivers,True
2025-12-04,Los Angeles Lakers @ Toronto Raptors,Brandon Ingram,PTS,24.5,Under,-159,BetRivers,True
2025-12-04,Los Angeles Lakers @ Toronto Raptors,LeBron James,PTS,23.5,Over,120,BetRivers,True
2025-12-04,Los Angeles Lakers @ Toronto Raptors,LeBron James,PTS,23.5,Under,-165,BetRivers,True
2025-12-04,Los Angeles Lakers @ Toronto Raptors,Deandre Ayton,PTS,14.5,Over,-157,BetRivers,True
2025-12-04,Los Angeles Lakers @ Toronto Raptors,Deandre Ayton,PTS,14.5,Under,115,BetRivers,True
2025-12-04,Los Angeles Lakers @ Toronto Raptors,Rui Hachimura,PTS,12.5,Over,-130,BetMGM,True
2025-12-04,Los Angeles Lakers @ Toronto Raptors,Rui Hachimura,PTS,12.5,Under,120,BetRivers,True
2025-12-04,Los Angeles Lakers @ Toronto Raptors,Immanuel Quickley,PTS,16.5,Over,-157,BetRivers,True
2025-12-04,Los Angeles Lakers @ Toronto Raptors,Immanuel Quickley,PTS,16.5,Under,114,BetRivers,True
2025-12-04,Los Angeles Lakers @ Toronto Raptors,Brandon Ingram,PTS,23.5,Over,-107,BetRivers,True
2025-12-04,Los Angeles Lakers @ Toronto Raptors,Brandon Ingram,PTS,23.5,Under,-110,BetMGM,True
2025-12-04,Los Angeles Lakers @ Toronto Raptors,Jaxson Hayes,PTS,4.5,Over,-125,BetMGM,True
2025-12-04,Los Angeles Lakers @ Toronto Raptors,Jaxson Hayes,PTS,4.5,Under,-105,BetMGM,True
2025-12-04,Los Angeles Lakers @ Toronto Raptors,Ja'Kobe Walter,PTS,7.5,Over,-145,BetMGM,True
2025-12-04,Los Angeles Lakers @ Toronto Raptors,Ja'Kobe Walter,PTS,7.5,Under,105,BetMGM,True
2025-12-04,Los Angeles Lakers @ Toronto Raptors,Scottie Barnes,REB,7.5,Over,-140,DraftKings,True
2025-12-04,Los Angeles Lakers @ Toronto Raptors,Scottie Barnes,REB,7.5,Under,108,FanDuel,True
2025-12-04,Los Angeles Lakers @ Toronto Raptors,Austin Reaves,REB,5.5,Over,113,DraftKings,True
2025-12-04,Los Angeles Lakers @ Toronto Raptors,Austin Reaves,REB,5.5,Under,-132,BetRivers,True
2025-12-04,Los Angeles Lakers @ Toronto Raptors,Rui Hachimura,REB,3.5,Over,-159,BetRivers,True
2025-12-04,Los Angeles Lakers @ Toronto Raptors,Rui Hachimura,REB,3.5,Under,125,BetMGM,True
2025-12-04,Los Angeles Lakers @ Toronto Raptors,Gradey Dick,REB,2.5,Over,126,DraftKings,True
2025-12-04,Los Angeles Lakers @ Toronto Raptors,Gradey Dick,REB,2.5,Under,-154,FanDuel,True
2025-12-04,Los Angeles Lakers @ Toronto Raptors,Jake LaRavia,REB,3.5,Over,-150,BetMGM,True
2025-12-04,Los Angeles Lakers @ Toronto Raptors,Jake LaRavia,REB,3.5,Under,128,FanDuel,True
2025-12-04,Los Angeles Lakers @ Toronto Raptors,Sandro Mamukelashvili,REB,5.5,Over,-114,FanDuel,True
2025-12-04,Los Angeles Lakers @ Toronto Raptors,Sandro Mamukelashvili,REB,5.5,Under,100,DraftKings,True
2025-12-04,Los Angeles Lakers @ Toronto Raptors,Collin Murray-Boyles,REB,4.5,Over,104,DraftKings,True
2025-12-04,Los Angeles Lakers @ Toronto Raptors,Collin Murray-Boyles,REB,4.5,Under,-120,FanDuel,True
2025-12-04,Los Angeles Lakers @ Toronto Raptors,Brandon Ingram,REB,5.5,Over,-102,FanDuel,True
2025-12-04,Los Angeles Lakers @ Toronto Raptors,Brandon Ingram,REB,5.5,Under,-115,BetMGM,True
2025-12-04,Los Angeles Lakers @ Toronto Raptors,Immanuel Quickley,REB,3.5,Over,-157,BetRivers,True
2025-12-04,Los Angeles Lakers @ Toronto Raptors,Immanuel Quickley,REB,3.5,Under,125,BetMGM,True
2025-12-04,Los Angeles Lakers @ Toronto Raptors,LeBron James,REB,6.5,Over,-120,BetMGM,True
2025-12-04,Los Angeles Lakers @ Toronto Raptors,LeBron James,REB,6.5,Under,-104,DraftKings,True
2025-12-04,Los Angeles Lakers @ Toronto Raptors,Deandre Ayton,REB,9.5,Over,-120,BetRivers,True
2025-12-04,Los Angeles Lakers @ Toronto Raptors,Deandre Ayton,REB,9.5,Under,100,BetMGM,True
2025-12-04,Los Angeles Lakers @ Toronto Raptors,Ja'Kobe Walter,REB,3.5,Over,142,FanDuel,True
2025-12-04,Los Angeles Lakers @ Toronto Raptors,Ja'Kobe Walter,REB,3.5,Under,-165,BetMGM,True
2025-12-04,Los Angeles Lakers @ Toronto Raptors,Immanuel Quickley,REB,4.5,Over,107,DraftKings,True
2025-12-04,Los Angeles Lakers @ Toronto Raptors,Immanuel Quickley,REB,4.5,Under,-141,DraftKings,True
2025-12-04,Los Angeles Lakers @ Toronto Raptors,Rui Hachimura,REB,4.5,Over,116,DraftKings,True
2025-12-04,Los Angeles Lakers @ Toronto Raptors,Rui Hachimura,REB,4.5,Under,-153,DraftKings,True
2025-12-04,Los Angeles Lakers @ Toronto Raptors,Scottie Barnes,REB,8.5,Over,114,BetRivers,True
2025-12-04,Los Angeles Lakers @ Toronto Raptors,Scottie Barnes,REB,8.5,Under,-140,BetMGM,True
2025-12-04,Los Angeles Lakers @ Toronto Raptors,Jamal Shead,REB,1.5,Over,-140,BetMGM,True
2025-12-04,Los Angeles Lakers @ Toronto Raptors,Jamal Shead,REB,1.5,Under,105,BetMGM,True
2025-12-04,Los Angeles Lakers @ Toronto Raptors,Gabe Vincent,REB,1.5,Over,105,BetMGM,True
2025-12-04,Los Angeles Lakers @ Toronto Raptors,Gabe Vincent,REB,1.5,Under,-140,BetMGM,True
2025-12-04,Los Angeles Lakers @ Toronto Raptors,Jaxson Hayes,REB,3.5,Over,-150,BetMGM,True
2025-12-04,Los Angeles Lakers @ Toronto Raptors,Jaxson Hayes,REB,3.5,Under,110,BetMGM,True
2025-12-04,Los Angeles Lakers @ Toronto Raptors,Sandro Mamukelashvili,REB,6.5,Over,125,BetMGM,True
2025-12-04,Los Angeles Lakers @ Toronto Raptors,Sandro Mamukelashvili,REB,6.5,Under,-165,BetMGM,True
2025-12-04,Los Angeles Lakers @ Toronto Raptors,Dalton Knecht,REB,2.5,Over,130,BetMGM,True
2025-12-04,Los Angeles Lakers @ Toronto Raptors,Dalton Knecht,REB,2.5,Under,-175,BetMGM,True
2025-12-04,Los Angeles Lakers @ Toronto Raptors,Austin Reaves,AST,7.5,Over,130,BetMGM,True
2025-12-04,Los Angeles Lakers @ Toronto Raptors,Austin Reaves,AST,7.5,Under,-137,BetRivers,True
2025-12-04,Los Angeles Lakers @ Toronto Raptors,Brandon Ingram,AST,3.5,Over,-159,DraftKings,True
2025-12-04,Los Angeles Lakers @ Toronto Raptors,Brandon Ingram,AST,3.5,Under,126,FanDuel,True
2025-12-04,Los Angeles Lakers @ Toronto Raptors,LeBron James,AST,7.5,Over,-134,BetRivers,True
2025-12-04,Los Angeles Lakers @ Toronto Raptors,LeBron James,AST,7.5,Under,102,FanDuel,True
2025-12-04,Los Angeles Lakers @ Toronto Raptors,Immanuel Quickley,AST,6.5,Over,-138,FanDuel,True
2025-12-04,Los Angeles Lakers @ Toronto Raptors,Immanuel Quickley,AST,6.5,Under,105,BetMGM,True
2025-12-04,Los Angeles Lakers @ Toronto Raptors,Jamal Shead,AST,5.5,Over,110,FanDuel,True
2025-12-04,Los Angeles Lakers @ Toronto Raptors,Jamal Shead,AST,5.5,Under,-133,DraftKings,True
2025-12-04,Los Angeles Lakers @ Toronto Raptors,Scottie Barnes,AST,5.5,Over,115,BetMGM,True
2025-12-04,Los Angeles Lakers @ Toronto Raptors,Scottie Barnes,AST,5.5,Under,-134,BetRivers,True
2025-12-04,Los Angeles Lakers @ Toronto Raptors,LeBron James,AST,8.5,Over,125,BetMGM,True
2025-12-04,Los Angeles Lakers @ Toronto Raptors,LeBron James,AST,8.5,Under,-145,DraftKings,True
2025-12-04,Los Angeles Lakers @ Toronto Raptors,Immanuel Quickley,AST,7.5,Over,115,BetRivers,True
2025-12-04,Los Angeles Lakers @ Toronto Raptors,Immanuel Quickley,AST,7.5,Under,-151,DraftKings,True
2025-12-04,Los Angeles Lakers @ Toronto Raptors,Austin Reaves,AST,6.5,Over,-146,DraftKings,True
2025-12-04,Los Angeles Lakers @ Toronto Raptors,Austin Reaves,AST,6.5,Under,110,DraftKings,True
2025-12-04,Los Angeles Lakers @ Toronto Raptors,Gradey Dick,AST,0.5,Over,-110,BetMGM,True
2025-12-04,Los Angeles Lakers @ Toronto Raptors,Gradey Dick,AST,0.5,Under,-120,BetMGM,True
2025-12-04,Los Angeles Lakers @ Toronto Raptors,Rui Hachimura,AST,1.5,Over,100,BetMGM,True
2025-12-04,Los Angeles Lakers @ Toronto Raptors,Rui Hachimura,AST,1.5,Under,-135,BetMGM,True
2025-12-04,Los Angeles Lakers @ Toronto Raptors,Collin Murray-Boyles,AST,1.5,Over,110,BetMGM,True
2025-12-04,Los Angeles Lakers @ Toronto Raptors,Collin Murray-Boyles,AST,1.5,Under,-145,BetMGM,True
2025-12-04,Los Angeles Lakers @ Toronto Raptors,Deandre Ayton,AST,1.5,Over,125,BetMGM,True
2025-12-04,Los Angeles Lakers @ Toronto Raptors,Deandre Ayton,AST,1.5,Under,-165,BetMGM,True
2025-12-04,Los Angeles Lakers @ Toronto Raptors,Gabe Vincent,AST,1.5,Over,-200,BetMGM,True
2025-12-04,Los Angeles Lakers @ Toronto Raptors,Gabe Vincent,AST,1.5,Under,145,BetMGM,True
2025-12-04,Los Angeles Lakers @ Toronto Raptors,Sandro Mamukelashvili,AST,1.5,Over,-135,BetMGM,True
2025-12-04,Los Angeles Lakers @ Toronto Raptors,Sandro Mamukelashvili,AST,1.5,Under,100,BetMGM,True
2025-12-04,Los Angeles Lakers @ Toronto Raptors,Jaxson Hayes,AST,0.5,Over,-225,BetMGM,True
2025-12-04,Los Angeles Lakers @ Toronto Raptors,Jaxson Hayes,AST,0.5,Under,165,BetMGM,True
2025-12-04,Los Angeles Lakers @ Toronto Raptors,Jake LaRavia,AST,2.5,Over,140,BetMGM,True
2025-12-04,Los Angeles Lakers @ Toronto Raptors,Jake LaRavia,AST,2.5,Under,-190,BetMGM,True
2025-12-04,Los Angeles Lakers @ Toronto Raptors,Dalton Knecht,AST,0.5,Over,-225,BetMGM,True
2025-12-04,Los Angeles Lakers @ Toronto Raptors,Dalton Knecht,AST,0.5,Under,165,BetMGM,True
2025-12-04,Los Angeles Lakers @ Toronto Raptors,Ja'Kobe Walter,AST,1.5,Over,170,BetMGM,True
2025-12-04,Los Angeles Lakers @ Toronto Raptors,Ja'Kobe Walter,AST,1.5,Under,-235,BetMGM,True
2025-12-04,Los Angeles Lakers @ Toronto Raptors,Rui Hachimura,3PM,1.5,Over,-105,BetRivers,True
2025-12-04,Los Angeles Lakers @ Toronto Raptors,Rui Hachimura,3PM,1.5,Under,-110,FanDuel,True
2025-12-04,Los Angeles Lakers @ Toronto Raptors,Gabe Vincent,3PM,1.5,Over,-109,DraftKings,True
2025-12-04,Los Angeles Lakers @ Toronto Raptors,Gabe Vincent,3PM,1.5,Under,-118,FanDuel,True
2025-12-04,Los Angeles Lakers @ Toronto Raptors,Austin Reaves,3PM,2.5,Over,-175,BetRivers,True
2025-12-04,Los Angeles Lakers @ Toronto Raptors,Austin Reaves,3PM,2.5,Under,132,FanDuel,True
2025-12-04,Los Angeles Lakers @ Toronto Raptors,Ja'Kobe Walter,3PM,1.5,Over,100,BetMGM,True
2025-12-04,Los Angeles Lakers @ Toronto Raptors,Ja'Kobe Walter,3PM,1.5,Under,-122,FanDuel,True
2025-12-04,Los Angeles Lakers @ Toronto Raptors,Jake LaRavia,3PM,1.5,Over,154,FanDuel,True
2025-12-04,Los Angeles Lakers @ Toronto Raptors,Jake LaRavia,3PM,1.5,Under,-205,DraftKings,True
2025-12-04,Los Angeles Lakers @ Toronto Raptors,LeBron James,3PM,1.5,Over,-165,BetMGM,True
2025-12-04,Los Angeles Lakers @ Toronto Raptors,LeBron James,3PM,1.5,Under,138,FanDuel,True
2025-12-04,Los Angeles Lakers @ Toronto Raptors,Dalton Knecht,3PM,1.5,Over,120,BetMGM,True
2025-12-04,Los Angeles Lakers @ Toronto Raptors,Dalton Knecht,3PM,1.5,Under,-138,FanDuel,True
2025-12-04,Los Angeles Lakers @ Toronto Raptors,Brandon Ingram,3PM,1.5,Over,-140,DraftKings,True
2025-12-04,Los Angeles Lakers @ Toronto Raptors,Brandon Ingram,3PM,1.5,Under,110,FanDuel,True
2025-12-04,Los Angeles Lakers @ Toronto Raptors,Immanuel Quickley,3PM,2.5,Over,-120,BetRivers,True
2025-12-04,Los Angeles Lakers @ Toronto Raptors,Immanuel Quickley,3PM,2.5,Under,101,DraftKings,True
2025-12-04,Los Angeles Lakers @ Toronto Raptors,Scottie Barnes,3PM,1.5,Over,150,BetMGM,True
2025-12-04,Los Angeles Lakers @ Toronto Raptors,Scottie Barnes,3PM,1.5,Under,-165,BetRivers,True
2025-12-04,Los Angeles Lakers @ Toronto Raptors,Austin Reaves,3PM,3.5,Over,130,BetMGM,True
2025-12-04,Los Angeles Lakers @ Toronto Raptors,Austin Reaves,3PM,3.5,Under,-157,DraftKings,True
2025-12-04,Los Angeles Lakers @ Toronto Raptors,Gradey Dick,3PM,1.5,Over,170,BetMGM,True
2025-12-04,Los Angeles Lakers @ Toronto Raptors,Gradey Dick,3PM,1.5,Under,-235,BetMGM,True
2025-12-04,Los Angeles Lakers @ Toronto Raptors,Jamal Shead,3PM,1.5,Over,145,BetMGM,True
2025-12-04,Los Angeles Lakers @ Toronto Raptors,Jamal Shead,3PM,1.5,Under,-190,BetMGM,True
2025-12-04,Los Angeles Lakers @ Toronto Raptors,Collin Murray-Boyles,3PM,0.5,Over,130,BetMGM,True
2025-12-04,Los Angeles Lakers @ Toronto Raptors,Collin Murray-Boyles,3PM,0.5,Under,-175,BetMGM,True
2025-12-04,Los Angeles Lakers @ Toronto Raptors,Sandro Mamukelashvili,3PM,1.5,Over,150,BetMGM,True
2025-12-04,Los Angeles Lakers @ Toronto Raptors,Sandro Mamukelashvili,3PM,1.5,Under,-210,BetMGM,True
2025-12-04,Los Angeles Lakers @ Toronto Raptors,Jake LaRavia,3PM,0.5,Over,-220,BetMGM,True
2025-12-04,Los Angeles Lakers @ Toronto Raptors,Jake LaRavia,3PM,0.5,Under,160,BetMGM,True
2025-12-04,Minnesota Timberwolves @ New Orleans Pelicans,Donte DiVincenzo,PTS,14.5,Over,100,BetRivers,True
2025-12-04,Minnesota Timberwolves @ New Orleans Pelicans,Donte DiVincenzo,PTS,14.5,Under,-130,FanDuel,True
2025-12-04,Minnesota Timberwolves @ New Orleans Pelicans,Jose Alvarado,PTS,10.5,Over,106,DraftKings,True
2025-12-04,Minnesota Timberwolves @ New Orleans Pelicans,Jose Alvarado,PTS,10.5,Under,-117,BetRivers,True
2025-12-04,Minnesota Timberwolves @ New Orleans Pelicans,Jeremiah Fears,PTS,16.5,Over,100,FanDuel,True
2025-12-04,Minnesota Timberwolves @ New Orleans Pelicans,Jeremiah Fears,PTS,16.5,Under,-130,BetRivers,True
2025-12-04,Minnesota Timberwolves @ New Orleans Pelicans,Julius Randle,PTS,21.5,Over,-105,BetMGM,True
2025-12-04,Minnesota Timberwolves @ New Orleans Pelicans,Julius Randle,PTS,21.5,Under,-104,FanDuel,True
2025-12-04,Minnesota Timberwolves @ New Orleans Pelicans,Jaden McDaniels,PTS,14.5,Over,100,FanDuel,True
2025-12-04,Minnesota Timberwolves @ New Orleans Pelicans,Jaden McDaniels,PTS,14.5,Under,-132,FanDuel,True
2025-12-04,Minnesota Timberwolves @ New Orleans Pelicans,Mike Conley,PTS,4.5,Over,-102,FanDuel,True
2025-12-04,Minnesota Timberwolves @ New Orleans Pelicans,Mike Conley,PTS,4.5,Under,-122,DraftKings,True
2025-12-04,Minnesota Timberwolves @ New Orleans Pelicans,Derik Queen,PTS,15.5,Over,-112,FanDuel,True
2025-12-04,Minnesota Timberwolves @ New Orleans Pelicans,Derik Queen,PTS,15.5,Under,-115,BetRivers,True
2025-12-04,Minnesota Timberwolves @ New Orleans Pelicans,Trey Murphy III,PTS,20.5,Over,-104,BetRivers,True
2025-12-04,Minnesota Timberwolves @ New Orleans Pelicans,Trey Murphy III,PTS,20.5,Under,-122,FanDuel,True
2025-12-04,Minnesota Timberwolves @ New Orleans Pelicans,Rudy Gobert,PTS,11.5,Over,-113,BetRivers,True
2025-12-04,Minnesota Timberwolves @ New Orleans Pelicans,Rudy Gobert,PTS,11.5,Under,104,DraftKings,True
2025-12-04,Minnesota Timberwolves @ New Orleans Pelicans,Jordan Hawkins,PTS,6.5,Over,-128,FanDuel,True
2025-12-04,Minnesota Timberwolves @ New Orleans Pelicans,Jordan Hawkins,PTS,6.5,Under,105,BetMGM,True
2025-12-04,Minnesota Timberwolves @ New Orleans Pelicans,Saddiq Bey,PTS,15.5,Over,-120,FanDuel,True
2025-12-04,Minnesota Timberwolves @ New Orleans Pelicans,Saddiq Bey,PTS,15.5,Under,105,BetRivers,True
2025-12-04,Minnesota Timberwolves @ New Orleans Pelicans,Anthony Edwards,PTS,29.5,Over,100,BetRivers,True
2025-12-04,Minnesota Timberwolves @ New Orleans Pelicans,Anthony Edwards,PTS,29.5,Under,-118,BetMGM,True
2025-12-04,Minnesota Timberwolves @ New Orleans Pelicans,Micah Peavy,PTS,6.5,Over,-122,DraftKings,True
2025-12-04,Minnesota Timberwolves @ New Orleans Pelicans,Micah Peavy,PTS,6.5,Under,100,FanDuel,True
2025-12-04,Minnesota Timberwolves @ New Orleans Pelicans,Naz Reid,PTS,13.5,Over,-118,BetMGM,True
2025-12-04,Minnesota Timberwolves @ New Orleans Pelicans,Naz Reid,PTS,13.5,Under,100,DraftKings,True
2025-12-04,Minnesota Timberwolves @ New Orleans Pelicans,Trey Murphy III,PTS,21.5,Over,120,BetRivers,True
2025-12-04,Minnesota Timberwolves @ New Orleans Pelicans,Trey Murphy III,PTS,21.5,Under,-167,BetRivers,True
2025-12-04,Minnesota Timberwolves @ New Orleans Pelicans,Anthony Edwards,PTS,27.5,Over,-152,BetRivers,True
2025-12-04,Minnesota Timberwolves @ New Orleans Pelicans,Anthony Edwards,PTS,27.5,Under,112,BetRivers,True
2025-12-04,Minnesota Timberwolves @ New Orleans Pelicans,Naz Reid,PTS,12.5,Over,-165,BetRivers,True
2025-12-04,Minnesota Timberwolves @ New Orleans Pelicans,Naz Reid,PTS,12.5,Under,118,BetRivers,True
2025-12-04,Minnesota Timberwolves @ New Orleans Pelicans,Jose Alvarado,PTS,11.5,Over,120,BetRivers,True
2025-12-04,Minnesota Timberwolves @ New Orleans Pelicans,Jose Alvarado,PTS,11.5,Under,-167,BetRivers,True
2025-12-04,Minnesota Timberwolves @ New Orleans Pelicans,Trey Murphy III,PTS,19.5,Over,-130,BetRivers,True
2025-12-04,Minnesota Timberwolves @ New Orleans Pelicans,Trey Murphy III,PTS,19.5,Under,-103,BetRivers,True
2025-12-04,Minnesota Timberwolves @ New Orleans Pelicans,Trey Murphy III,PTS,18.5,Over,-167,BetRivers,True
2025-12-04,Minnesota Timberwolves @ New Orleans Pelicans,Trey Murphy III,PTS,18.5,Under,123,BetRivers,True
2025-12-04,Minnesota Timberwolves @ New Orleans Pelicans,Derik Queen,PTS,14.5,Over,-127,DraftKings,True
2025-12-04,Minnesota Timberwolves @ New Orleans Pelicans,Derik Queen,PTS,14.5,Under,112,BetRivers,True
2025-12-04,Minnesota Timberwolves @ New Orleans Pelicans,Julius Randle,PTS,22.5,Over,110,BetRivers,True
2025-12-04,Minnesota Timberwolves @ New Orleans Pelicans,Julius Randle,PTS,22.5,Under,-148,BetRivers,True
2025-12-04,Minnesota Timberwolves @ New Orleans Pelicans,Saddiq Bey,PTS,17.5,Over,120,BetRivers,True
2025-12-04,Minnesota Timberwolves @ New Orleans Pelicans,Saddiq Bey,PTS,17.5,Under,-167,BetRivers,True
2025-12-04,Minnesota Timberwolves @ New Orleans Pelicans,Jeremiah Fears,PTS,15.5,Over,-122,DraftKings,True
2025-12-04,Minnesota Timberwolves @ New Orleans Pelicans,Jeremiah Fears,PTS,15.5,Under,100,BetRivers,True
2025-12-04,Minnesota Timberwolves @ New Orleans Pelicans,Julius Randle,PTS,20.5,Over,-148,BetRivers,True
2025-12-04,Minnesota Timberwolves @ New Orleans Pelicans,Julius Randle,PTS,20.5,Under,110,BetRivers,True
2025-12-04,Minnesota Timberwolves @ New Orleans Pelicans,Derik Queen,PTS,16.5,Over,118,BetRivers,True
2025-12-04,Minnesota Timberwolves @ New Orleans Pelicans,Derik Queen,PTS,16.5,Under,-162,BetRivers,True
2025-12-04,Minnesota Timberwolves @ New Orleans Pelicans,Saddiq Bey,PTS,16.5,Over,-106,DraftKings,True
2025-12-04,Minnesota Timberwolves @ New Orleans Pelicans,Saddiq Bey,PTS,16.5,Under,-120,DraftKings,True
2025-12-04,Minnesota Timberwolves @ New Orleans Pelicans,Jose Alvarado,PTS,9.5,Over,-165,BetRivers,True
2025-12-04,Minnesota Timberwolves @ New Orleans Pelicans,Jose Alvarado,PTS,9.5,Under,118,BetRivers,True
2025-12-04,Minnesota Timberwolves @ New Orleans Pelicans,Anthony Edwards,PTS,30.5,Over,120,BetRivers,True
2025-12-04,Minnesota Timberwolves @ New Orleans Pelicans,Anthony Edwards,PTS,30.5,Under,-167,BetRivers,True
2025-12-04,Minnesota Timberwolves @ New Orleans Pelicans,Rudy Gobert,PTS,10.5,Over,-148,BetRivers,True
2025-12-04,Minnesota Timberwolves @ New Orleans Pelicans,Rudy Gobert,PTS,10.5,Under,110,BetRivers,True
2025-12-04,Minnesota Timberwolves @ New Orleans Pelicans,Naz Reid,PTS,14.5,Over,107,BetRivers,True
2025-12-04,Minnesota Timberwolves @ New Orleans Pelicans,Naz Reid,PTS,14.5,Under,-143,BetRivers,True
2025-12-04,Minnesota Timberwolves @ New Orleans Pelicans,Anthony Edwards,PTS,28.5,Over,-122,BetRivers,True
2025-12-04,Minnesota Timberwolves @ New Orleans Pelicans,Anthony Edwards,PTS,28.5,Under,-109,BetRivers,True
2025-12-04,Minnesota Timberwolves @ New Orleans Pelicans,Donte DiVincenzo,PTS,13.5,Over,-115,BetMGM,True
2025-12-04,Minnesota Timberwolves @ New Orleans Pelicans,Donte DiVincenzo,PTS,13.5,Under,102,BetRivers,True
2025-12-04,Minnesota Timberwolves @ New Orleans Pelicans,Jaden McDaniels,PTS,13.5,Over,-120,BetMGM,True
2025-12-04,Minnesota Timberwolves @ New Orleans Pelicans,Jaden McDaniels,PTS,13.5,Under,100,BetRivers,True
2025-12-04,Minnesota Timberwolves @ New Orleans Pelicans,Jaden McDaniels,REB,4.5,Over,-105,DraftKings,True
2025-12-04,Minnesota Timberwolves @ New Orleans Pelicans,Jaden McDaniels,REB,4.5,Under,-118,BetMGM,True
2025-12-04,Minnesota Timberwolves @ New Orleans Pelicans,Jeremiah Fears,REB,3.5,Over,-105,BetMGM,True
2025-12-04,Minnesota Timberwolves @ New Orleans Pelicans,Jeremiah Fears,REB,3.5,Under,-104,FanDuel,True
2025-12-04,Minnesota Timberwolves @ New Orleans Pelicans,Anthony Edwards,REB,4.5,Over,-146,FanDuel,True
2025-12-04,Minnesota Timberwolves @ New Orleans Pelicans,Anthony Edwards,REB,4.5,Under,120,BetMGM,True
2025-12-04,Minnesota Timberwolves @ New Orleans Pelicans,Julius Randle,REB,7.5,Over,102,FanDuel,True
2025-12-04,Minnesota Timberwolves @ New Orleans Pelicans,Julius Randle,REB,7.5,Under,-130,BetRivers,True
2025-12-04,Minnesota Timberwolves @ New Orleans Pelicans,Donte DiVincenzo,REB,3.5,Over,-159,BetRivers,True
2025-12-04,Minnesota Timberwolves @ New Orleans Pelicans,Donte DiVincenzo,REB,3.5,Under,128,FanDuel,True
2025-12-04,Minnesota Timberwolves @ New Orleans Pelicans,Micah Peavy,REB,3.5,Over,134,FanDuel,True
2025-12-04,Minnesota Timberwolves @ New Orleans Pelicans,Micah Peavy,REB,3.5,Under,-165,BetMGM,True
2025-12-04,Minnesota Timberwolves @ New Orleans Pelicans,Rudy Gobert,REB,11.5,Over,104,FanDuel,True
2025-12-04,Minnesota Timberwolves @ New Orleans Pelicans,Rudy Gobert,REB,11.5,Under,-130,DraftKings,True
2025-12-04,Minnesota Timberwolves @ New Orleans Pelicans,Saddiq Bey,REB,6.5,Over,-125,BetMGM,True
2025-12-04,Minnesota Timberwolves @ New Orleans Pelicans,Saddiq Bey,REB,6.5,Under,110,FanDuel,True
2025-12-04,Minnesota Timberwolves @ New Orleans Pelicans,Trey Murphy III,REB,5.5,Over,-135,BetMGM,True
2025-12-04,Minnesota Timberwolves @ New Orleans Pelicans,Trey Murphy III,REB,5.5,Under,116,FanDuel,True
2025-12-04,Minnesota Timberwolves @ New Orleans Pelicans,Naz Reid,REB,5.5,Over,-118,FanDuel,True
2025-12-04,Minnesota Timberwolves @ New Orleans Pelicans,Naz Reid,REB,5.5,Under,101,DraftKings,True
2025-12-04,Minnesota Timberwolves @ New Orleans Pelicans,Derik Queen,REB,7.5,Over,-107,BetRivers,True
2025-12-04,Minnesota Timberwolves @ New Orleans Pelicans,Derik Queen,REB,7.5,Under,-110,BetMGM,True
2025-12-04,Minnesota Timberwolves @ New Orleans Pelicans,Jose Alvarado,REB,2.5,Over,-105,BetMGM,True
2025-12-04,Minnesota Timberwolves @ New Orleans Pelicans,Jose Alvarado,REB,2.5,Under,-109,BetRivers,True
2025-12-04,Minnesota Timberwolves @ New Orleans Pelicans,Rudy Gobert,REB,10.5,Over,-143,BetRivers,True
2025-12-04,Minnesota Timberwolves @ New Orleans Pelicans,Rudy Gobert,REB,10.5,Under,108,BetRivers,True
2025-12-04,Minnesota Timberwolves @ New Orleans Pelicans,Saddiq Bey,REB,7.5,Over,114,DraftKings,True
2025-12-04,Minnesota Timberwolves @ New Orleans Pelicans,Saddiq Bey,REB,7.5,Under,-151,DraftKings,True
2025-12-04,Minnesota Timberwolves @ New Orleans Pelicans,Donte DiVincenzo,REB,4.5,Over,115,DraftKings,True
2025-12-04,Minnesota Timberwolves @ New Orleans Pelicans,Donte DiVincenzo,REB,4.5,Under,-151,DraftKings,True
2025-12-04,Minnesota Timberwolves @ New Orleans Pelicans,Micah Peavy,REB,2.5,Over,-176,DraftKings,True
2025-12-04,Minnesota Timberwolves @ New Orleans Pelicans,Micah Peavy,REB,2.5,Under,133,DraftKings,True
2025-12-04,Minnesota Timberwolves @ New Orleans Pelicans,Jordan Hawkins,REB,1.5,Over,-190,BetMGM,True
2025-12-04,Minnesota Timberwolves @ New Orleans Pelicans,Jordan Hawkins,REB,1.5,Under,140,BetMGM,True
2025-12-04,Minnesota Timberwolves @ New Orleans Pelicans,Mike Conley,REB,1.5,Over,-105,BetMGM,True
2025-12-04,Minnesota Timberwolves @ New Orleans Pelicans,Mike Conley,REB,1.5,Under,-130,BetMGM,True
2025-12-04,Minnesota Timberwolves @ New Orleans Pelicans,Trey Murphy III,AST,3.5,Over,124,DraftKings,True
2025-12-04,Minnesota Timberwolves @ New Orleans Pelicans,Trey Murphy III,AST,3.5,Under,-150,BetRivers,True
2025-12-04,Minnesota Timberwolves @ New Orleans Pelicans,Derik Queen,AST,4.5,Over,120,BetMGM,True
2025-12-04,Minnesota Timberwolves @ New Orleans Pelicans,Derik Queen,AST,4.5,Under,-152,DraftKings,True
2025-12-04,Minnesota Timberwolves @ New Orleans Pelicans,Jeremiah Fears,AST,3.5,Over,120,BetMGM,True
2025-12-04,Minnesota Timberwolves @ New Orleans Pelicans,Jeremiah Fears,AST,3.5,Under,-143,BetRivers,True
2025-12-04,Minnesota Timberwolves @ New Orleans Pelicans,Mike Conley,AST,2.5,Over,-110,BetMGM,True
2025-12-04,Minnesota Timberwolves @ New Orleans Pelicans,Mike Conley,AST,2.5,Under,104,DraftKings,True
2025-12-04,Minnesota Timberwolves @ New Orleans Pelicans,Donte DiVincenzo,AST,3.5,Over,-114,FanDuel,True
2025-12-04,Minnesota Timberwolves @ New Orleans Pelicans,Donte DiVincenzo,AST,3.5,Under,-107,BetRivers,True
2025-12-04,Minnesota Timberwolves @ New Orleans Pelicans,Jose Alvarado,AST,3.5,Over,116,BetRivers,True
2025-12-04,Minnesota Timberwolves @ New Orleans Pelicans,Jose Alvarado,AST,3.5,Under,-113,DraftKings,True
2025-12-04,Minnesota Timberwolves @ New Orleans Pelicans,Anthony Edwards,AST,4.5,Over,-130,FanDuel,True
2025-12-04,Minnesota Timberwolves @ New Orleans Pelicans,Anthony Edwards,AST,4.5,Under,105,DraftKings,True
2025-12-04,Minnesota Timberwolves @ New Orleans Pelicans,Julius Randle,AST,5.5,Over,-125,BetMGM,True
2025-12-04,Minnesota Timberwolves @ New Orleans Pelicans,Julius Randle,AST,5.5,Under,116,BetRivers,True
2025-12-04,Minnesota Timberwolves @ New Orleans Pelicans,Derik Queen,AST,3.5,Over,-175,BetRivers,True
2025-12-04,Minnesota Timberwolves @ New Orleans Pelicans,Derik Queen,AST,3.5,Under,130,BetRivers,True
2025-12-04,Minnesota Timberwolves @ New Orleans Pelicans,Jaden McDaniels,AST,2.5,Over,132,BetRivers,True
2025-12-04,Minnesota Timberwolves @ New Orleans Pelicans,Jaden McDaniels,AST,2.5,Under,-157,DraftKings,True
2025-12-04,Minnesota Timberwolves @ New Orleans Pelicans,Naz Reid,AST,2.5,Over,110,BetMGM,True
2025-12-04,Minnesota Timberwolves @ New Orleans Pelicans,Naz Reid,AST,2.5,Under,-136,DraftKings,True
2025-12-04,Minnesota Timberwolves @ New Orleans Pelicans,Saddiq Bey,AST,2.5,Over,130,DraftKings,True
2025-12-04,Minnesota Timberwolves @ New Orleans Pelicans,Saddiq Bey,AST,2.5,Under,-140,BetMGM,True
2025-12-04,Minnesota Timberwolves @ New Orleans Pelicans,Rudy Gobert,AST,1.5,Over,-152,DraftKings,True
2025-12-04,Minnesota Timberwolves @ New Orleans Pelicans,Rudy Gobert,AST,1.5,Under,130,BetMGM,True
2025-12-04,Minnesota Timberwolves @ New Orleans Pelicans,Micah Peavy,AST,1.5,Over,130,BetMGM,True
2025-12-04,Minnesota Timberwolves @ New Orleans Pelicans,Micah Peavy,AST,1.5,Under,-165,BetMGM,True
2025-12-04,Minnesota Timberwolves @ New Orleans Pelicans,Jordan Hawkins,AST,0.5,Over,-200,BetMGM,True
2025-12-04,Minnesota Timberwolves @ New Orleans Pelicans,Jordan Hawkins,AST,0.5,Under,145,BetMGM,True
2025-12-04,Minnesota Timberwolves @ New Orleans Pelicans,Julius Randle,3PM,1.5,Over,-137,DraftKings,True
2025-12-04,Minnesota Timberwolves @ New Orleans Pelicans,Julius Randle,3PM,1.5,Under,115,BetMGM,True
2025-12-04,Minnesota Timberwolves @ New Orleans Pelicans,Naz Reid,3PM,2.5,Over,140,BetMGM,True
2025-12-04,Minnesota Timberwolves @ New Orleans Pelicans,Naz Reid,3PM,2.5,Under,-180,BetRivers,True
2025-12-04,Minnesota Timberwolves @ New Orleans Pelicans,Anthony Edwards,3PM,3.5,Over,-128,FanDuel,True
2025-12-04,Minnesota Timberwolves @ New Orleans Pelicans,Anthony Edwards,3PM,3.5,Under,104,DraftKings,True
2025-12-04,Minnesota Timberwolves @ New Orleans Pelicans,Jordan Hawkins,3PM,1.5,Over,182,FanDuel,True
2025-12-04,Minnesota Timberwolves @ New Orleans Pelicans,Jordan Hawkins,3PM,1.5,Under,-207,DraftKings,True
2025-12-04,Minnesota Timberwolves @ New Orleans Pelicans,Saddiq Bey,3PM,1.5,Over,-162,BetRivers,True
2025-12-04,Minnesota Timberwolves @ New Orleans Pelicans,Saddiq Bey,3PM,1.5,Under,140,FanDuel,True
2025-12-04,Minnesota Timberwolves @ New Orleans Pelicans,Trey Murphy III,3PM,2.5,Over,-125,BetRivers,True
2025-12-04,Minnesota Timberwolves @ New Orleans Pelicans,Trey Murphy III,3PM,2.5,Under,108,FanDuel,True
2025-12-04,Minnesota Timberwolves @ New Orleans Pelicans,Jaden McDaniels,3PM,1.5,Over,150,BetMGM,True
2025-12-04,Minnesota Timberwolves @ New Orleans Pelicans,Jaden McDaniels,3PM,1.5,Under,-173,DraftKings,True
2025-12-04,Minnesota Timberwolves @ New Orleans Pelicans,Jose Alvarado,3PM,1.5,Over,-147,DraftKings,True
2025-12-04,Minnesota Timberwolves @ New Orleans Pelicans,Jose Alvarado,3PM,1.5,Under,120,BetRivers,True
2025-12-04,Minnesota Timberwolves @ New Orleans Pelicans,Donte DiVincenzo,3PM,3.5,Over,130,BetMGM,True
2025-12-04,Minnesota Timberwolves @ New Orleans Pelicans,Donte DiVincenzo,3PM,3.5,Under,-136,FanDuel,True
2025-12-04,Minnesota Timberwolves @ New Orleans Pelicans,Jeremiah Fears,3PM,1.5,Over,180,BetRivers,True
2025-12-04,Minnesota Timberwolves @ New Orleans Pelicans,Jeremiah Fears,3PM,1.5,Under,-214,DraftKings,True
2025-12-04,Minnesota Timberwolves @ New Orleans Pelicans,Derik Queen,3PM,0.5,Over,230,BetMGM,True
2025-12-04,Minnesota Timberwolves @ New Orleans Pelicans,Derik Queen,3PM,0.5,Under,-325,BetMGM,True
2025-12-04,Minnesota Timberwolves @ New Orleans Pelicans,Jeremiah Fears,3PM,0.5,Over,-225,BetMGM,True
2025-12-04,Minnesota Timberwolves @ New Orleans Pelicans,Jeremiah Fears,3PM,0.5,Under,170,BetMGM,True
2025-12-04,Minnesota Timberwolves @ New Orleans Pelicans,Micah Peavy,3PM,0.5,Over,-105,BetMGM,True
2025-12-04,Minnesota Timberwolves @ New Orleans Pelicans,Micah Peavy,3PM,0.5,Under,-125,BetMGM,True
2025-12-04,Minnesota Timberwolves @ New Orleans Pelicans,Mike Conley,3PM,0.5,Over,-220,BetMGM,True
2025-12-04,Minnesota Timberwolves @ New Orleans Pelicans,Mike Conley,3PM,0.5,Under,160,BetMGM,True
